Gene_X,Gene_Y,P-value (exp_vs_XY),P-value adj (exp_vs_XY),P-value (exp_vs_YX),P-value adj (exp_vs_YX),P-value (actual_XY_vs_YX),P-value adj (actual_XY_vs_YX),P-value (exp_vs_average_XY_YX),P-value adj (exp_vs_average_XY_YX),Significant
TYE7,CAT1,0.5840942353150291,0.7582743729351824,0.7884214380498784,0.8696639281533788,0.6336912114394411,0.7396216826054373,0.5701733881571234,0.7121867629591649,0.0
YAK1,TYE7,0.8612341761936332,0.9277595718495089,0.4840274024374793,0.6385907746444055,0.46794058872073735,0.5883111581665862,0.5565162381403674,0.7033389823097107,0.0
HSP30,YAK1,0.19115024557939328,0.3694139577489398,,,,,0.19115024557939328,0.41252104506341,0.0
HSP30,TYE7,0.1698540886525947,0.3423621474403862,0.7873316600298267,0.8696639281533788,0.019029412209068283,0.07670618735820307,0.2671512794765871,0.46285512374431953,0.0
HSP30,CAT1,0.04959350857792207,0.1581813313893915,0.1185439763978259,0.2854626863670085,0.17487659834698285,0.3151002302012456,0.04642083660077652,0.1948367508032592,0.0
PDE2,HSP30,6.082737703335765e-05,0.006193025477288189,0.03843601021389992,0.15137674248619032,0.02388895417330297,0.08491437347055873,0.010441523664789057,0.086705607188138,0.0
PDE2,YAK1,0.0007582997490066319,0.016137106485927873,,,,,0.0007582997490066319,0.023786665810944872,0.0
TPS2,PDE2,0.34507426407380676,0.5315173739166695,,,,,0.34507426407380676,0.5286999007403312,0.0
TPS2,HSP30,0.08122110607332757,0.21274157732912194,0.00477767259880968,0.05488497058632584,0.4794354110735033,0.5970039672921649,0.011049095700410004,0.086705607188138,0.0
TPS2,YAK1,0.03804040422472496,0.1363114484719311,,,,,0.03804040422472496,0.1813766473434886,0.0
TPS2,TYE7,0.07965671997187854,0.21078393592558628,0.043685865218387514,0.16593582675693966,0.10714831395569886,0.22645940949555815,0.21198515792813072,0.42251244629717216,0.0
TPS2,CAT1,0.01466967702407607,0.083181904883772,0.002486308803204508,0.04182326593961869,0.8827104398403283,0.9192186095034227,0.000996364787404434,0.028675821754636142,0.0
MSN4,TPS2,0.07902684642841784,0.21052281680126778,0.2460438547360194,0.4198791868864679,0.05420684400813683,0.15248112235382374,0.45937608962448384,0.6166399761625954,0.0
MSN4,PDE2,0.0010585034875872402,0.01757066132998156,,,,,0.0010585034875872402,0.028675821754636142,0.0
MSN4,HSP30,0.01286675338127894,0.07754249235280163,0.16776940416690775,0.33913901013997233,0.33391249404906564,0.4696395150114556,0.02753645601680726,0.15126796140703078,0.0
MSN4,YAK1,0.0004529308292942441,0.016103282839077016,0.11428067811888039,0.2844759049317303,0.00129728296600981,0.017807265610520574,0.04284670290305096,0.18897673909026402,0.0
MSN4,TYE7,0.45013694174801244,0.6343098767549492,0.4149366663755005,0.569781836334871,0.7778288819013147,0.8484346517806327,0.23485328073811143,0.4346973767699205,0.0
MSN4,CAT1,0.01463020851694121,0.083181904883772,0.0026218905483666264,0.04258311890623038,0.47264959355244257,0.5923268944839906,0.0017667980562003232,0.03290661379673102,0.0
PTC1,TPS2,0.005728287786978383,0.0484556802964073,,,,,0.005728287786978383,0.06828119042078232,0.0
PTC1,PDE2,0.046673577087004876,0.15298083492626816,8.421828256570255e-05,0.005666687298349415,0.07235944921597476,0.17906673824965905,0.006533036611119014,0.07634685922013593,0.0
PTC1,HSP30,0.10667022243261468,0.25300212142704387,0.007444781737157145,0.06392100354963184,0.015962601609423064,0.07100147850592312,0.0860872164758197,0.2641702649602294,0.0
PTC1,TYE7,0.12594539294471754,0.2825557511281489,0.2131217088628419,0.3930145477680293,0.6733875694344861,0.7721247497034723,0.054018696843104924,0.21321286965887773,0.0
PTC1,CAT1,0.05792236036827727,0.17896968832353932,0.027411892131575636,0.12296191613306785,0.7816192064899604,0.8484346517806327,0.010214241381568663,0.086705607188138,0.0
TPK1,PTC1,0.12540906871058133,0.2825557511281489,0.11352439123652237,0.2844759049317303,0.5692082418024085,0.685506846174195,0.06907861109164332,0.23260368480575944,0.0
TPK1,MSN4,0.3437298125866089,0.5310316865110485,0.029505137939894323,0.12867518490453914,0.4629172401328998,0.5876644184804021,0.09228694594443695,0.27255937196770313,0.0
TPK1,TPS2,0.029158496907246284,0.12006528452361971,,,,,0.029158496907246284,0.155164858542132,0.0
TPK1,HSP30,0.018187607961446608,0.08948912685635939,,,,,0.018187607961446608,0.11601647097861222,0.0
TPK1,TYE7,0.8328317673392966,0.9096178137497355,0.2263498610344807,0.40036041053858157,0.31445555296740507,0.45774519684734405,0.3929905822175957,0.5674964531920368,0.0
TPK1,CAT1,0.6306699100561922,0.7937790375845822,0.7589079181806961,0.8619278406501288,0.5683540436941069,0.685506846174195,0.9092014267143649,0.942407044037846,0.0
C1_12120W_A,TPK1,0.13767397656614644,0.299745873030091,0.9262532983200384,0.952544330805105,0.0796461730907034,0.1898881321857624,0.38874854444695395,0.5674964531920368,0.0
C1_12120W_A,PTC1,0.9244606206645911,0.9578748599657209,0.9206821738962788,0.9509677717218143,0.8094008573124472,0.8670568087922379,0.9955188416207622,0.9955188416207622,0.0
C1_12120W_A,MSN4,0.6652085324579662,0.8197240909089721,0.777793261139477,0.8682534347642771,0.8690466887996727,0.9134334820448172,0.6125914854699444,0.7451112762042589,0.0
C1_12120W_A,TPS2,0.001117022042009184,0.01757066132998156,0.0063214333268318875,0.05954790193875638,0.6986089266345383,0.7871933438446815,0.0002579641364607623,0.015134281872124846,0.0
C1_12120W_A,PDE2,0.00031708523923122363,0.016103282839077016,0.12060950018478704,0.2854626863670085,0.0017773628093162963,0.01963995238131736,0.0828740018908112,0.259170606961079,0.0
C1_12120W_A,HSP30,0.8372541461944976,0.9109247280031034,,,,,0.8372541461944976,0.9007282872417338,0.0
C1_12120W_A,TYE7,0.5420484761210066,0.7190154593276077,0.19132421671395083,0.3678110451929422,0.045894725282666644,0.1391072681048268,0.6311160005586074,0.7612073522600862,0.0
C1_12120W_A,CAT1,0.6149348041417588,0.7816413632082031,0.2912564245357136,0.4611855523765704,0.32548252555387686,0.46579541625758775,0.29054270730043813,0.4864141953681492,0.0
SSK1,C1_12120W_A,0.2362892227338682,0.4233515240648472,0.8198737037888559,0.88888063806967,0.33143570846991566,0.4678388520279315,0.7216203238305798,0.8207742614561557,0.0
SSK1,TPK1,0.23324059586636162,0.4193454615576397,0.7217633978455125,0.8332121578069519,0.7241269481679078,0.8038703572089732,0.45334278459571953,0.612188859808646,0.0
SSK1,PTC1,0.5945488890932935,0.7631523054033319,0.0006616682921573398,0.017313653644783725,0.0023935729553946046,0.02199203346302934,0.14509299745807425,0.3472908694177199,0.0
SSK1,MSN4,0.04395720098283255,0.14786931851017357,0.30472983767606854,0.4736889555954729,0.05883223717314259,0.1619958079908363,0.11892089886846147,0.31361440586550016,0.0
SSK1,TPS2,0.0018660465622062947,0.022392558746475538,0.0001667882619943893,0.006070098517157462,0.5546373647223618,0.6755863227615061,2.7618164245883132e-05,0.0035108446355790763,1.0
SSK1,PDE2,0.4462942697783571,0.6326589099055832,0.003424522627878705,0.047439710521496176,0.017411102306339413,0.07262488126282599,0.12065982087228536,0.31540900543807926,0.0
SSK1,HSP30,0.9766198150884899,0.9823310420773115,0.022329253509967794,0.1119006917261007,0.015769876628082005,0.07100147850592312,0.23912490232807773,0.4371731343175899,0.0
SSK1,YAK1,0.03721274559269946,0.1347972578935661,0.23636786944836463,0.40929877393448433,0.8971264471898561,0.9281439775027484,0.06581299191947453,0.22804966967445822,0.0
SSK1,TYE7,0.8385450500028568,0.9109247280031034,0.020688447702598926,0.10948605469577632,0.007862207304327734,0.04657762206048704,0.302038725255476,0.4933475507355529,0.0
FGR15,SSK1,0.19707694861331418,0.37663594623877816,0.0007251603212236571,0.017976342699807503,0.000591004350613531,0.01254837944316272,0.2043621051559461,0.42251244629717216,0.0
FGR15,C1_12120W_A,0.16576371839676163,0.3354277595793294,0.7958450550947553,0.8737599555935426,0.4444652232738394,0.5773618016613661,0.3962829704046257,0.5674964531920368,0.0
FGR15,TPK1,0.17903096985172712,0.3512546784923619,0.009665947974553717,0.07463379501663607,0.017494929672069164,0.07262488126282599,0.12438887482054138,0.31854471378609034,0.0
FGR15,PTC1,0.3392796034528089,0.5281478964818849,0.005023430888934333,0.05633418925447788,0.0065798399826381354,0.042878623886858515,0.1589835568537562,0.369831715251356,0.0
FGR15,MSN4,0.21836698213850084,0.4024191527980944,0.00014322062737955488,0.006070098517157462,9.323250425846306e-05,0.0033139917422780963,0.2067538765881719,0.42251244629717216,0.0
FGR15,HSP30,0.14777023759454272,0.30902228670460263,0.009200175075478238,0.07345472918547824,0.007171838036020441,0.04472353226354897,0.24916038613319388,0.44460955130354357,0.0
FGR15,YAK1,0.08277161954359859,0.21514270065562666,0.005700821979672524,0.05838722797752872,0.009203026149033053,0.05086401399162771,0.1187281180596142,0.31361440586550016,0.0
FGR15,TYE7,0.33341709068171743,0.5277980696585196,0.06348282505470805,0.21556940624240406,0.04252469285026191,0.13301723923561926,0.3538629456857304,0.5380161112976921,0.0
FGR15,CAT1,0.44265947010806994,0.6309731673363649,0.023520527560263207,0.1119006917261007,0.02120541159743519,0.0822689691143396,0.24763116046854647,0.44460955130354357,0.0
HOG1,FGR15,0.009585861774542261,0.06684195507653792,0.08338976846868994,0.2424480305478578,0.015482621926115755,0.07100147850592312,0.12149316328067318,0.31620054722830226,0.0
HOG1,SSK1,0.3461891785891738,0.5316476671190883,0.32242741075202636,0.493062696312352,0.14158510906825364,0.27004769583262034,0.7767728692956635,0.8637250561571183,0.0
HOG1,C1_12120W_A,0.6816053879242696,0.8295008966248186,0.4287391930559069,0.5853222026937164,0.8836906974455825,0.9192186095034227,0.4767572524170468,0.6294940698459971,0.0
HOG1,TPK1,0.0019188061657086255,0.02250236321603752,0.557044363946958,0.705290041448971,0.17658783236179287,0.3152778194221964,0.1311256512641352,0.32699116382186016,0.0
HOG1,PTC1,0.6973286609639401,0.8430468544784726,0.0745251839784893,0.23103220475588354,0.002418561224834429,0.02199203346302934,0.17414173174986863,0.3887208693742386,0.0
HOG1,MSN4,0.12774593365027262,0.28412457656698564,0.11323281530716564,0.2844759049317303,0.330734997569214,0.4678388520279315,0.07812300163845458,0.2536581179724547,0.0
HOG1,PDE2,0.10912426254538975,0.2547878709204575,0.37852247507996434,0.5402548053414037,0.02308368258444624,0.08433760656516462,0.08219428603058396,0.259170606961079,0.0
HOG1,HSP30,0.6887617850122731,0.8362378378031363,0.21664317072947306,0.3930145477680293,0.022486868795170884,0.08433760656516462,0.5923677849542925,0.729444627753633,0.0
HOG1,YAK1,0.31345219280103104,0.5093893579306176,0.6054977909832371,0.7446199988331714,0.4038863921616408,0.5445502735696606,0.29586322545892496,0.4933475507355529,0.0
HOG1,TYE7,0.3351153369876729,0.5277980696585196,0.06262364715932835,0.21556940624240406,0.00720609343376876,0.04472353226354897,0.6195336303629064,0.7504919587323012,0.0
HOG1,CAT1,0.21932748459558796,0.4027508258054213,0.2868485257587561,0.45986454333783444,0.4433441997195863,0.5773618016613661,0.17006357376011497,0.38393140136753223,0.0
SSN3,HOG1,0.00021166476987389808,0.013652377656866426,,,,,0.00021166476987389808,0.014016911427204806,0.0
SSN3,FGR15,0.025471830944946205,0.11004716194784221,0.22148502829873012,0.3951889041277224,0.02421956509031066,0.08531396351631954,0.2385453424050487,0.4371731343175899,0.0
SSN3,SSK1,0.13626413338115667,0.2982372346055862,0.005833038929146829,0.05845449650272674,0.41770245381556864,0.5574118069688988,0.01750790643636449,0.11601647097861222,0.0
SSN3,C1_12120W_A,0.3229232072319995,0.5207136716615992,0.7668240018417745,0.8661249517205654,0.3441034120171288,0.4788058152978553,0.4394993701213674,0.602433360495378,0.0
SSN3,TPK1,0.0011237050850569604,0.01757066132998156,0.023287504564113264,0.1119006917261007,0.022529811173646233,0.08433760656516462,0.0026090189428321655,0.04320403421209311,0.0
SSN3,PTC1,0.03410643775009806,0.12962248148175673,,,,,0.03410643775009806,0.16939530749215373,0.0
SSN3,MSN4,0.08414192891139283,0.21548300368732354,0.11893932270602123,0.2854626863670085,0.8050939133708357,0.8670568087922379,0.02766477817678919,0.15126796140703078,0.0
SSN3,TPS2,0.0004322504885088558,0.016103282839077016,0.053125236852944506,0.19100753097509054,0.0012353067326243956,0.017807265610520574,0.09116243152046671,0.2716640459309908,0.0
SSN3,HSP30,0.0029212753169820986,0.030147561271255258,0.005574375427933826,0.05838722797752872,0.07185022985661663,0.17906673824965905,0.0001080825976818403,0.010736204703062803,0.0
SSN3,YAK1,0.004694230536360392,0.04249513959231512,0.00010245968662132946,0.006032314049830772,0.00025071777633989186,0.007540819272992131,0.01149285732862903,0.086705607188138,0.0
SSN3,TYE7,0.0008486355466106889,0.016437319324270623,0.0014544803940060634,0.03262191740842171,0.1022001195320866,0.22310988711230076,0.0002793239942841834,0.015134281872124846,0.0
SSN3,CAT1,0.006581542373716046,0.05301297127323148,0.24926881511144997,0.4238469744313825,0.1060178509484542,0.22645940949555815,0.040036619129709294,0.18788838583706094,0.0
EFH1,SSN3,0.0007563363289084008,0.016137106485927873,0.004149994186336363,0.05282830437201154,0.12646194895175997,0.25056647079771965,0.00018268248872492033,0.014016911427204806,0.0
EFH1,HOG1,0.2993401640641409,0.49825653115192486,0.26703569076800326,0.44179127361407666,0.9131776384021706,0.93225184494843,0.12259211181558914,0.31767347235691795,0.0
EFH1,FGR15,0.009107919264384921,0.0652734213947586,0.7035305549006043,0.8222404252064135,0.008683139059749125,0.04920445467191171,0.210337956828051,0.42251244629717216,0.0
EFH1,SSK1,0.10840328490467874,0.25425497732188285,0.15246071035920908,0.3273485225365564,0.9462997009599836,0.9560805764221023,0.05785847255570468,0.21964108052993625,0.0
EFH1,C1_12120W_A,0.8963878944731378,0.9420288259636235,0.9960103573072381,0.9960103573072381,0.8972849705781045,0.9281439775027484,0.9214826246586264,0.9518260733042311,0.0
EFH1,TPK1,0.4653068831101221,0.6436215050104136,0.0017775227787567853,0.03605697280596263,0.08514937644885147,0.19825411132528867,0.7370319018662346,0.8351159952704863,0.0
EFH1,PTC1,0.7896420276254038,0.8866467919026703,0.010583617653901277,0.07614081149792093,0.08488015168747469,0.19825411132528867,0.20760433643801984,0.42251244629717216,0.0
EFH1,MSN4,0.42338048653742116,0.6153316742608245,0.13746975615667767,0.3062087440894849,0.2822705043180852,0.433207356419503,0.7414545934640201,0.8369449577737802,0.0
EFH1,TPS2,0.0007818365545507691,0.016137106485927873,0.013837032136931778,0.08807083968236308,0.2650414078598159,0.4178677035209194,0.001019616585160445,0.028675821754636142,0.0
EFH1,HSP30,0.06960476687125002,0.1995336650309167,0.392458223623807,0.5517845472442182,0.016311862302142505,0.07161041607138684,0.4784577410071086,0.6294940698459971,0.0
EFH1,YAK1,0.9329417401327613,0.9627958758170098,0.09881373788525023,0.26374437037526927,0.07070398941665694,0.1790004528216229,0.41018025011411685,0.579306703952639,0.0
EFH1,TYE7,0.9856170450261121,0.9871712169848488,0.010758611509926623,0.07614081149792093,0.008241672515480958,0.047389616964015516,0.2221594871899824,0.42574615551520745,0.0
EFH1,CAT1,0.14644302198265943,0.3084269360940909,0.679052290873696,0.8036020829183689,0.17611081395346556,0.3152778194221964,0.6107910160093706,0.7444405839296214,0.0
RCK2,EFH1,0.0393543188410371,0.13908786658887085,0.4591609593764263,0.6109175476449061,0.0195132665033007,0.07785395104888342,0.6064467477386972,0.7421812354255924,0.0
RCK2,SSN3,0.5509922089315828,0.7271406133214751,0.026160861736609694,0.11886521420343556,0.04100330121506949,0.1314122194679686,0.17356156772109374,0.3887208693742386,0.0
RCK2,HOG1,0.7821352714812277,0.8850478072024419,0.7979749043294999,0.8740608835795219,0.9884628835428073,0.9884628835428073,0.6882378407855705,0.7965957479796242,0.0
RCK2,FGR15,3.0124010632064373e-05,0.0038859973715363043,0.14876052911013196,0.3228857567321297,1.3259660585129078e-05,0.0016279659167231875,0.20774488500043534,0.42251244629717216,0.0
RCK2,SSK1,0.8119676179786175,0.8952463480277065,0.2927752310169137,0.4611855523765704,0.46078122917655195,0.5876644184804021,0.44761259415177634,0.6076927246343022,0.0
RCK2,C1_12120W_A,0.3249523567027788,0.5207311057721549,,,,,0.3249523567027788,0.5137177840712365,0.0
RCK2,TPK1,0.08472004227049242,0.21548300368732354,0.8676377161929023,0.9224771203766523,0.016668143144788414,0.07161806560013483,0.33825172192392333,0.5282480714466438,0.0
RCK2,PTC1,0.0847733522258269,0.21548300368732354,,,,,0.0847733522258269,0.261787139516025,0.0
RCK2,MSN4,0.4110088370778314,0.6067099383472039,0.27830129542680876,0.4533060002879894,0.6698174545088256,0.7702900726851494,0.169657052077511,0.38393140136753223,0.0
RCK2,TPS2,0.8295427730901543,0.9087984520478124,0.023253636899082577,0.1119006917261007,0.02349585579482194,0.08433760656516462,0.22155966500065072,0.42574615551520745,0.0
RCK2,PDE2,0.25260049576104737,0.44257686067388596,0.00016663181756953555,0.006070098517157462,8.981335267162521e-05,0.0033139917422780963,0.20875692708662016,0.42251244629717216,0.0
RCK2,YAK1,0.8679822618750788,0.9284552248106617,0.9248286939562685,0.952544330805105,0.6251377503992972,0.7370079021656674,0.9518280137468762,0.9754421750699505,0.0
RCK2,TYE7,0.7545877571762998,0.8768172103102304,0.014180881478454003,0.08905593568469114,0.00612297482071684,0.040577680591530246,0.30517936640058974,0.4942578868879116,0.0
TPK2,RCK2,0.9610968798598971,0.9724039019758959,0.015595044445952087,0.09149302397953801,0.02296283607174568,0.08433760656516462,0.275656399775906,0.4691139849709984,0.0
TPK2,EFH1,0.2876880226064369,0.4867115398849883,,,,,0.2876880226064369,0.4835584103923809,0.0
TPK2,SSN3,0.24820152439992801,0.4371057562811019,0.002211446589025836,0.04006120551658341,0.07037455647046996,0.1790004528216229,0.04330206952901931,0.18897673909026402,0.0
TPK2,HOG1,0.6799636707711523,0.8295008966248186,0.40776156677766734,0.5647707066153228,0.283634483998447,0.433207356419503,0.35935853496071757,0.5422219919913612,0.0
TPK2,FGR15,0.016016270905358065,0.0888400333898152,,,,,0.016016270905358065,0.10906734090893735,0.0
TPK2,SSK1,0.3493536881856778,0.5345010263229851,0.5739101898697467,0.7189140942251349,0.8138795101537447,0.8671032383381857,0.3385883206049018,0.5282480714466438,0.0
TPK2,C1_12120W_A,0.0007027218982827927,0.016137106485927873,0.014968369578277924,0.09149302397953801,0.002334078776354912,0.02199203346302934,0.7731824693247586,0.8629527185722026,0.0
TPK2,TPK1,0.029550951811045934,0.12006528452361971,0.06361814748979652,0.21556940624240406,0.9571617709979956,0.9620829112087822,0.011492198030495344,0.086705607188138,0.0
TPK2,PTC1,0.6273349659009415,0.7937790375845822,0.14799061724235665,0.3227017625979166,0.1372681589690093,0.2643933505265154,0.6861883829014676,0.7965957479796242,0.0
TPK2,MSN4,0.17093407782880485,0.3431983819442152,0.5916307031017791,0.7352455439602584,0.0418013269868924,0.13288064107215392,0.6155158662435113,0.7471434954809221,0.0
TPK2,TPS2,0.0034832478110924355,0.03505586931577391,1.4791026285367874e-05,0.0027334993049495226,0.0020744270155346398,0.021344762186159057,0.007722988373701729,0.07801527238519035,0.0
TPK2,HSP30,0.7619115323873018,0.8768172103102304,0.5464564512335841,0.6975094540135992,0.22670850013692118,0.3754367368386404,0.8227111128546354,0.888289534893773,0.0
TPK2,YAK1,0.8939627188959819,0.9415533788879743,0.8209407166885487,0.88888063806967,0.541963931299617,0.6622121785567194,0.9608275215152127,0.9782826388600431,0.0
TPK2,TYE7,0.9491806263086884,0.9683297843400063,0.09260587780392548,0.255702924290082,0.06259162930163772,0.16762552778726267,0.3050308594661236,0.4942578868879116,0.0
TPK2,CAT1,0.5731801180658894,0.748761875751896,0.002810448974570433,0.04270069248460239,0.0014161262619192423,0.017861463497110444,0.11990920260718001,0.3148276861404374,0.0
GCN4,TPK2,0.7088262630932889,0.846653592028095,,,,,0.7088262630932889,0.8093112122674333,0.0
GCN4,RCK2,0.4511467534284232,0.6343098767549492,0.7538519821970062,0.8597198150479175,0.2502999270761521,0.3994582509664305,0.42981996990455107,0.5959533315885556,0.0
GCN4,EFH1,0.2460364496879366,0.43509036521371347,0.11779894326201751,0.2854626863670085,0.4081499284921567,0.5484076358777775,0.061250679240329405,0.2231251627947008,0.0
GCN4,SSN3,0.03302159141782343,0.12784363646158592,0.00041311090057629714,0.011445602010084469,6.732597465394727e-05,0.0033139917422780963,0.4468605978447927,0.6076927246343022,0.0
GCN4,HOG1,0.7120546338710534,0.8485454759294769,,,,,0.7120546338710534,0.8114427567631889,0.0
GCN4,FGR15,0.0016752151325071427,0.020941720164203967,,,,,0.0016752151325071427,0.03279423759947843,0.0
GCN4,SSK1,0.7275735558804846,0.8553539937805731,0.43567757789472583,0.5911606461692469,0.23315158577181244,0.38143209220409485,0.7036490924602392,0.8064901136659666,0.0
GCN4,C1_12120W_A,0.973564474481101,0.9811704469379846,0.4475304239152849,0.6005322782452969,0.24939708288652557,0.3994582509664305,0.6400410703913022,0.7644578716497317,0.0
GCN4,TPK1,0.08059905653553197,0.21218935292007396,0.5682386610989474,0.7156160678545567,0.014172830374261274,0.07100147850592312,0.5570067108224555,0.7033389823097107,0.0
GCN4,PTC1,0.703608989616395,0.8448284662531921,0.43803623251181983,0.5911606461692469,0.0736273370032798,0.1810584199263044,0.7707127804792276,0.861810163537748,0.0
GCN4,MSN4,0.40788158715165357,0.6047899395696933,0.9639779235153392,0.9722346937381686,0.2060529821720499,0.3472703277123772,0.5726667448225959,0.7122979710857203,0.0
GCN4,TPS2,0.14938562468421707,0.3108184771655484,0.0018689266004248471,0.03605697280596263,0.015468828295471183,0.07100147850592312,0.06276684825954552,0.2231251627947008,0.0
GCN4,HSP30,0.06254676429902364,0.18655566692656764,0.8196251303129138,0.88888063806967,0.030186680846061974,0.10263471487661072,0.39849977637898254,0.5674964531920368,0.0
GCN4,YAK1,0.524536246812147,0.7048455816538225,0.594876929030297,0.737334298877026,0.006103313827964351,0.040577680591530246,0.9396026748601498,0.9671903181634702,0.0
GCN4,TYE7,0.15583353781530335,0.32035898610636065,0.09222394823167673,0.255702924290082,0.7180112071591673,0.8021210914263841,0.06451684539197292,0.22486573013810443,0.0
GCN4,CAT1,0.7913500333389611,0.8866467919026703,0.9321361381996633,0.95442635020009,0.4610993744258233,0.5876644184804021,0.9008317014734598,0.9369907401015394,0.0
C2_10540W_A,GCN4,0.007875629236338059,0.05734446626459935,0.5140651134270395,0.665177660505867,0.04568947420150791,0.1391072681048268,0.5286304971039897,0.6819562257012507,0.0
C2_10540W_A,RCK2,0.0017045586180166022,0.020941720164203967,,,,,0.0017045586180166022,0.03279423759947843,0.0
C2_10540W_A,EFH1,0.17677862990101556,0.3491894535624381,0.9318539217841614,0.95442635020009,0.23563617097582173,0.38389059521477625,0.5469634966882737,0.6962712398053386,0.0
C2_10540W_A,SSN3,0.038818001953619084,0.13813854488322377,0.21893646682194662,0.3935842590577743,0.384150348092876,0.5251845667983025,0.03866849417735668,0.18290811531511575,0.0
C2_10540W_A,HOG1,0.5902941632807863,0.7616248650554873,0.0117113781891872,0.07765170459379318,0.023260081207268326,0.08433760656516462,0.46411334291331185,0.6212281688237574,0.0
C2_10540W_A,FGR15,0.005024402523358247,0.043942232238184,0.7176344010572915,0.8304810882014355,0.005313270719834152,0.037772524571911874,0.1852687793282247,0.402993403210299,0.0
C2_10540W_A,SSK1,0.33981608843408095,0.5281478964818849,,,,,0.33981608843408095,0.5282480714466438,0.0
C2_10540W_A,C1_12120W_A,0.302089942404932,0.49859115158666995,0.7265172154536246,0.8341724891752069,0.1060911861356197,0.22645940949555815,0.6009606457584316,0.7385000925196397,0.0
C2_10540W_A,TPK1,0.9421075720144005,0.966456276658908,0.38996828217544766,0.549925332049808,0.18556110006522478,0.321227825508633,0.5711833434471155,0.7121867629591649,0.0
C2_10540W_A,PTC1,0.7804975935386178,0.8850478072024419,0.1942017329914546,0.3718252692641265,0.1471203406853356,0.2778939768500784,0.4717329241674595,0.626175551901572,0.0
C2_10540W_A,MSN4,0.11925069012143867,0.2710720533156932,0.5618211671441794,0.7094310180292452,0.06123544257740285,0.16622820379794295,0.1594744141268431,0.369831715251356,0.0
C2_10540W_A,TPS2,0.018299209810351314,0.08948912685635939,0.006475814605709741,0.05980605253508407,0.15853024908722527,0.29516822568145273,0.007257789564851703,0.07801527238519035,0.0
C2_10540W_A,PDE2,0.0012707214075098215,0.018734064179287656,,,,,0.0012707214075098215,0.0315562482864939,0.0
C2_10540W_A,HSP30,0.869077274386724,0.9284552248106617,0.5509153144512011,0.7013003056932857,0.2736293310087329,0.4228816933771326,0.5663784973339564,0.7091629924601639,0.0
C2_10540W_A,YAK1,0.2615626826807113,0.4544321355664883,0.20062617840851713,0.3810279436710144,0.4352907931660524,0.5699895762037241,0.12700922887019836,0.3200295160963302,0.0
C2_10540W_A,TYE7,0.34335486390734243,0.5310316865110485,0.13782644107637113,0.3062087440894849,0.5008580478475653,0.6192115553317725,0.14029161002001153,0.34331985135689363,0.0
C2_10540W_A,CAT1,0.6672172832980006,0.8197240909089721,0.12705530180238842,0.29625270865804426,0.0012835472788280825,0.017807265610520574,0.48973516509028725,0.6414992492171675,0.0
C3_00570C_A,TPK2,0.4716021996532983,0.6437744312727565,0.03631118432105829,0.1461757932924654,0.29503860963625456,0.44214941754848897,0.12560068412706582,0.31854471378609034,0.0
C3_00570C_A,RCK2,0.46430034591407876,0.6436215050104136,0.08129024011696856,0.2405774014125441,0.06500059974240636,0.1727925713731269,0.11556114467456244,0.3082721291302047,0.0
C3_00570C_A,EFH1,0.000741970129942053,0.016137106485927873,,,,,0.000741970129942053,0.023786665810944872,0.0
C3_00570C_A,SSN3,0.019127913649035398,0.09055049030185565,0.11983282786873185,0.2854626863670085,0.01832245105844244,0.07462581629011451,0.8890452159210556,0.9312318957626522,0.0
C3_00570C_A,FGR15,0.003532762024070239,0.03505586931577391,,,,,0.003532762024070239,0.05135429674014299,0.0
C3_00570C_A,SSK1,0.0006364747299314609,0.016137106485927873,0.5127305460213193,0.665177660505867,7.227210268787734e-05,0.0033139917422780963,0.12871319817079613,0.3223238071840105,0.0
C3_00570C_A,TPK1,0.26822448833162316,0.4598134085684968,6.681285115010562e-05,0.005244808815283291,0.09900707640005645,0.21923315489956138,0.04473901770246184,0.19183060827818169,0.0
C3_00570C_A,PTC1,0.9272773144429586,0.9588679243538408,0.3474105902293925,0.5081689068262233,0.3264141791677213,0.46579541625758775,0.4945123420235119,0.6450565988856717,0.0
C3_00570C_A,MSN4,0.013223478368882055,0.07754249235280163,0.0074642360832903425,0.06392100354963184,0.7657516789724567,0.841036254152333,0.0017057405462815962,0.03279423759947843,0.0
C3_00570C_A,TPS2,0.0008919475602317393,0.016437319324270623,0.05197227990220543,0.18829956795337507,0.010922998937048995,0.05726904029251022,0.03629964428202989,0.17447248380717592,0.0
C3_00570C_A,HSP30,0.041018357068163834,0.14209338118795975,0.32225450427027597,0.493062696312352,0.5016474892738678,0.6192115553317725,0.08132477543736842,0.259170606961079,0.0
C3_00570C_A,YAK1,0.23297888087367455,0.4193454615576397,0.2147080266321411,0.3930145477680293,0.9342569725436077,0.9488168214663653,0.08951337560326407,0.26809031085198687,0.0
C3_00570C_A,TYE7,0.8089663135904677,0.8952463480277065,0.24413846779070708,0.4181426121069929,0.18220996341108917,0.3206217691760926,0.6041730262875751,0.7409200075460798,0.0
C3_00570C_A,CAT1,0.007723623408700692,0.05734446626459935,0.003716297229070605,0.050010742711207284,0.7257448493472315,0.8038703572089732,0.0007191250428512946,0.023786665810944872,0.0
RHB1,C3_00570C_A,0.8207887889797942,0.9011213087522848,,,,,0.8207887889797942,0.8878223561378537,0.0
RHB1,TPK2,0.028572530008992958,0.11889859261806747,0.8458070225569753,0.9053979718734894,0.0252530449170566,0.08737940787511286,0.3036703392037259,0.4942578868879116,0.0
RHB1,RCK2,0.9472162176429499,0.9683297843400063,,,,,0.9472162176429499,0.9733463201986174,0.0
RHB1,EFH1,0.62898154041571,0.7937790375845822,0.6331597456758871,0.7674034475165656,0.4763304166804881,0.5950325652462327,0.977743171545172,0.9893632092375594,0.0
RHB1,SSN3,0.14295210730624688,0.30480697260340245,0.15644615982997226,0.3284500196196203,0.053164846349520845,0.15153281525501497,0.6680067978889375,0.785270318622893,0.0
RHB1,FGR15,0.7641162220703057,0.8768172103102304,4.942693026372045e-06,0.0023280084154212333,6.1337262514925554e-06,0.0016279659167231875,0.1683707563592999,0.38393140136753223,0.0
RHB1,SSK1,0.07434598458921127,0.2059850193704666,0.5046775018121783,0.6584573500097949,0.11275776271567424,0.23327135038004565,0.12476083053124913,0.31854471378609034,0.0
RHB1,C1_12120W_A,0.04544523651417648,0.15031885923919913,0.9092196364647782,0.9448086337562603,0.0456916832528753,0.1391072681048268,0.26666442925686074,0.46285512374431953,0.0
RHB1,TPK1,0.06769494585855955,0.1967659990977147,0.007256515696584984,0.06392100354963184,0.007703793171053409,0.046341278921259735,0.012955714684703641,0.09416592624491915,0.0
RHB1,PTC1,0.5472347478842352,0.7240336664314496,0.47130508408047095,0.6253089988785966,0.7525678876682999,0.8288846312064937,0.4253615648890974,0.5923259174623879,0.0
RHB1,TPS2,0.0011186491530776352,0.01757066132998156,0.0001804275567732579,0.006070098517157462,0.03215524553986901,0.1065483136109219,0.0004592066271607354,0.02246275402305593,0.0
RHB1,HSP30,0.4259152288817861,0.6156085661148505,0.16964561389531094,0.34115902511696544,0.22791164932465993,0.3754367368386404,0.16907328307474376,0.38393140136753223,0.0
RHB1,TYE7,0.0026074388049761674,0.02745792700750413,0.08455841380391059,0.24433750246406066,0.6173928843124998,0.7315170235339014,0.009483166860760239,0.086705607188138,0.0
RHB1,CAT1,0.5692709880438453,0.7474397705613847,0.13397637157624653,0.30337918755967364,0.017645431508870765,0.07262488126282599,0.5349570150657024,0.6856653354390507,0.0
PBS2,RHB1,0.09960127268718032,0.24128759017176077,0.011870324269114881,0.07765170459379318,0.030533885649321885,0.1029202524903867,0.07785691428321599,0.2536581179724547,0.0
PBS2,C3_00570C_A,0.010926449680550846,0.07136769664764857,,,,,0.010926449680550846,0.086705607188138,0.0
PBS2,C2_10540W_A,0.3239897539455474,0.5207311057721549,,,,,0.3239897539455474,0.5135582269987933,0.0
PBS2,TPK2,0.05150683676786304,0.16210243275014036,0.3450459205357392,0.5078644642885412,0.16013579424099228,0.2967445286645876,0.06786916610120874,0.23188795649960903,0.0
PBS2,RCK2,0.7938581741454142,0.8866467919026703,,,,,0.7938581741454142,0.8745646428662972,0.0
PBS2,EFH1,0.029523271189760218,0.12006528452361971,0.02144512651923748,0.11099620429187751,8.78020010712734e-06,0.0016279659167231875,0.9525291038434751,0.9754421750699505,0.0
PBS2,HOG1,0.8178169520633095,0.8997730218862852,,,,,0.8178169520633095,0.8862161880540591,0.0
PBS2,FGR15,0.14632740722593107,0.3084269360940909,0.25411251967289267,0.42745355987833017,0.1210978017680124,0.24533285228649143,0.3975923262871917,0.5674964531920368,0.0
PBS2,SSK1,0.24621392760155877,0.43509036521371347,0.020063770516010496,0.10738677173910165,0.0058114958433961444,0.03986482236434899,0.6288684082842255,0.7602547085951286,0.0
PBS2,C1_12120W_A,0.6635607249884866,0.8197240909089721,0.01827301193960051,0.10287283897732023,0.09278777797179064,0.20991563839873834,0.1649606977149927,0.3781406763005217,0.0
PBS2,PTC1,0.7325703943145898,0.8591052806052917,0.20152845912857315,0.3812044347371805,0.20066257397455123,0.3396496381993486,0.30132687960779775,0.4933475507355529,0.0
PBS2,TPS2,0.03673829770785964,0.1347972578935661,0.00017681536948446614,0.006070098517157462,0.0013662863639785608,0.017807265610520574,0.05889428165057967,0.22076095511789615,0.0
PBS2,HSP30,0.8918083402907317,0.9415533788879743,0.16750521438055513,0.33913901013997233,0.1488920160741353,0.27988835713936006,0.371757195615804,0.5595133550177251,0.0
PBS2,YAK1,0.2663870151648454,0.4581856660835341,0.777925582739968,0.8682534347642771,0.001346618487489802,0.017807265610520574,0.5736627955052781,0.7122979710857203,0.0
PBS2,TYE7,0.5848705434655089,0.7582743729351824,0.022824636731388948,0.1119006917261007,0.00151623935367969,0.018526549602773713,0.38815720020212535,0.5674964531920368,0.0
PBS2,CAT1,0.8026884287754523,0.8926448906209771,0.4054833245159173,0.5647707066153228,0.7373159308126216,0.8143800252760877,0.5633440608436335,0.7068485479216959,0.0
SKN7,PBS2,0.5334510299857358,0.7133703586891532,0.6789708563547119,0.8036020829183689,0.8083495513561203,0.8670568087922379,0.5206059340312179,0.6730610340186678,0.0
SKN7,RHB1,0.01618403709039269,0.0888400333898152,0.8921980243194968,0.935913740433147,0.0674512242094237,0.1770028769522461,0.34381084976057497,0.5285851112839609,0.0
SKN7,C2_10540W_A,0.09782169530220786,0.240361879885425,0.6130014120319833,0.74993159757679,0.12688532280805243,0.25056647079771965,0.17980402641007767,0.3954361614037133,0.0
SKN7,GCN4,0.965527842717703,0.9749752775779545,0.0019138520597644709,0.03605697280596263,0.015941893147096944,0.07100147850592312,0.21203510173392953,0.42251244629717216,0.0
SKN7,TPK2,0.7646661717821777,0.8768172103102304,0.13125555098378391,0.3001037112299137,0.07222392027337995,0.17906673824965905,0.2536852359696946,0.4473266291063254,0.0
SKN7,RCK2,0.9023889802061744,0.944385099386866,0.0681622283716168,0.21989321618514734,0.10271043396474204,0.22310988711230076,0.2987553693544488,0.4933475507355529,0.0
SKN7,EFH1,0.8639788554662127,0.927842478617039,0.0212235011401354,0.11099620429187751,0.01098511003053265,0.05726904029251022,0.19983723143447613,0.4223510281381127,0.0
SKN7,SSN3,0.3012693787065244,0.49859115158666995,0.30736446589050276,0.47621270866587767,0.03203537052502079,0.1065483136109219,0.9768571466193223,0.9893632092375594,0.0
SKN7,HOG1,0.036991613469130984,0.1347972578935661,0.7864977683342103,0.8696639281533788,0.06939908417526384,0.1790004528216229,0.21842043906806083,0.42403446802789657,0.0
SKN7,FGR15,0.009964082701572402,0.06765087728962314,0.7763882080094262,0.8682534347642771,0.009940993766909581,0.053985118928633974,0.19399928768361566,0.41442141741732946,0.0
SKN7,SSK1,0.051520928238416704,0.16210243275014036,0.6338002995412825,0.7674034475165656,0.012400221078839972,0.06379587423455828,0.4648787974754963,0.6212281688237574,0.0
SKN7,TPK1,0.5336452683217309,0.7133703586891532,0.43797364383483833,0.5911606461692469,0.805713432919491,0.8670568087922379,0.3943207040212467,0.5674964531920368,0.0
SKN7,PTC1,0.6380200725848568,0.7990736831402576,,,,,0.6380200725848568,0.7644578716497317,0.0
SKN7,MSN4,0.11537521386636951,0.2645938238002074,0.43727779541986905,0.5911606461692469,0.07023179051059952,0.1790004528216229,0.114021891637799,0.3082721291302047,0.0
SKN7,TPS2,0.03163065327953676,0.12652261311814705,,,,,0.03163065327953676,0.16536727504038518,0.0
SKN7,HSP30,0.8520552584152981,0.9223523730610249,0.352669124119057,0.5142636453872317,0.27360425388821075,0.4228816933771326,0.43613072389321694,0.601901838174398,0.0
SKN7,YAK1,0.07616890943113915,0.2059850193704666,0.44677285080259616,0.6005322782452969,0.051264841096905274,0.1495862154394773,0.6566085353955042,0.7764656489994455,0.0
SKN7,TYE7,0.4387194496640766,0.6270892964727521,0.6459803167439192,0.7741901506014909,0.3929118049236369,0.5334323462678543,0.35772639963658287,0.541129274577166,0.0
SKN7,CAT1,0.22505990777001325,0.4090546043026765,0.3540200082022014,0.5146401971087557,0.0006097677990283674,0.01254837944316272,0.8661959877905212,0.9202762481162291,0.0
PDE1,RHB1,0.006677990567364431,0.05301297127323148,,,,,0.006677990567364431,0.07654004573363847,0.0
PDE1,C3_00570C_A,0.3501188893355988,0.5345010263229851,0.06143347567081531,0.21556940624240406,0.2945817242655371,0.44214941754848897,0.07952416376565678,0.2561967654288186,0.0
PDE1,C2_10540W_A,0.021348996964473763,0.09663230204972335,,,,,0.021348996964473763,0.1298367570492486,0.0
PDE1,GCN4,0.018556853824865223,0.08948912685635939,0.06928797687557503,0.22200433407072,3.1758103166661984e-05,0.002483483667632967,0.7428881571660308,0.8369779615708023,0.0
PDE1,TPK2,0.157263860235783,0.32201647572088904,,,,,0.157263860235783,0.36935701438218577,0.0
PDE1,RCK2,0.013224301021408029,0.07754249235280163,0.6389263297439143,0.7696529445252778,0.02125106363311586,0.0822689691143396,0.13900310986735745,0.34331985135689363,0.0
PDE1,EFH1,0.0053826019807372665,0.04629037703434049,0.011417158547434405,0.07682116679773722,0.1891669338903433,0.3229880836293635,0.002609639650394886,0.04320403421209311,0.0
PDE1,SSN3,0.032231728799616784,0.12736757072335458,0.27631252597596007,0.45188611018985136,0.13432059070415914,0.26129030331008074,0.10071152702617206,0.2883048771295353,0.0
PDE1,HOG1,0.07915005127799603,0.21052281680126778,0.06205529159321012,0.21556940624240406,0.3770028533539203,0.5190426607795171,0.007631631549845808,0.07801527238519035,0.0
PDE1,FGR15,0.004819213157218269,0.04287437912283839,,,,,0.004819213157218269,0.061111724291533796,0.0
PDE1,SSK1,0.011218787949239032,0.0714678343433005,,,,,0.011218787949239032,0.086705607188138,0.0
PDE1,C1_12120W_A,0.0014704377064044185,0.020941720164203967,,,,,0.0014704377064044185,0.03279423759947843,0.0
PDE1,TPK1,0.060203535453974895,0.18208153724345677,0.08178943576817,0.2405774014125441,0.1715182677407509,0.3119239194727144,0.08643154642155156,0.2641702649602294,0.0
PDE1,PTC1,0.11325925840537289,0.2609007916838054,0.41386370869596895,0.569781836334871,0.28865581357791165,0.43916117941230914,0.17345567215092628,0.3887208693742386,0.0
PDE1,MSN4,0.07624639282899054,0.2059850193704666,0.05704998262875576,0.20356471074351487,0.6457213542705242,0.7469735192892751,0.026351522000161512,0.15101449146246404,0.0
PDE1,TPS2,0.05538058674505095,0.17214688409907403,0.15447851796518294,0.3277449637909962,0.052170143026929745,0.1508561134968296,0.27627350457184635,0.4691139849709984,0.0
PDE1,HSP30,0.17468158246119156,0.3466757559614417,0.009588571063415862,0.07463379501663607,0.09358309863009025,0.2102930549676166,0.04208970917593186,0.18888274043507824,0.0
PDE1,YAK1,0.17352807231551226,0.345716159516619,0.14405704209757475,0.31706012536428835,0.9539938704604146,0.9613701117268612,0.06315022821296636,0.2231251627947008,0.0
PDE1,TYE7,0.6150123904312605,0.7816413632082031,0.15359665282500842,0.3273485225365564,0.046268211453333666,0.1391605436788728,0.6754758256073562,0.7893795922784005,0.0
PDE1,CAT1,0.09938472326602327,0.24128759017176077,0.07104219542911783,0.2260869868048277,0.317598385653098,0.45992951403837523,0.052047398242775766,0.209596279410097,0.0
MIG1,PDE1,0.009724243325638138,0.06690279408039039,0.10425979276372566,0.2693982941101674,0.1165793233518667,0.2386519132491093,0.011183626419762227,0.086705607188138,0.0
MIG1,SKN7,0.09251356456055392,0.23061352325239529,,,,,0.09251356456055392,0.27255937196770313,0.0
MIG1,PBS2,0.9589762252481542,0.9721645033949854,0.29374875947552254,0.4611855523765704,0.17908037038627675,0.3176818253753736,0.5597115389307099,0.7037723147736352,0.0
MIG1,RHB1,0.4665906806667991,0.6436215050104136,,,,,0.4665906806667991,0.6221209075557321,0.0
MIG1,C3_00570C_A,0.705660986347143,0.8448284662531921,0.3363829677601868,0.5045744516402803,0.1306044570556359,0.25533171354376816,0.789413405689101,0.8713041486745832,0.0
MIG1,C2_10540W_A,0.293386390451165,0.4931184933967464,0.3288203795744814,0.49639230378070753,0.627304411840947,0.7370079021656674,0.24481895266625806,0.4421578660275448,0.0
MIG1,TPK2,0.210268358374011,0.39329693411639455,0.39791648416857134,0.557793642986301,0.015391115881428562,0.07100147850592312,0.7413833333740301,0.8369449577737802,0.0
MIG1,RCK2,0.026958386762177624,0.11496303776267483,,,,,0.026958386762177624,0.15126796140703078,0.0
MIG1,EFH1,0.07022216003217503,0.20019135125194648,0.8719336341718783,0.9249566254390871,0.22141949172596687,0.36997872335407284,0.34047456087870764,0.5282480714466438,0.0
MIG1,SSN3,0.020975785207738414,0.09578323156807983,0.7773995541610159,0.8682534347642771,0.0784603972537422,0.18820868298290305,0.20812313940715652,0.42251244629717216,0.0
MIG1,HOG1,0.20205238280959056,0.3833052556240762,0.49055298392425184,0.6453923335986664,0.6147643945846852,0.7306166513149298,0.21409187715058053,0.42251244629717216,0.0
MIG1,FGR15,0.014527356199607417,0.083181904883772,,,,,0.014527356199607417,0.10307505113054788,0.0
MIG1,SSK1,0.6322542334249288,0.7937790375845822,0.019349768725246897,0.1047556444780608,0.0008409919628123646,0.01565846940283974,0.34411245499694093,0.5285851112839609,0.0
MIG1,C1_12120W_A,0.22088832786020102,0.4041786424676019,0.5973112711729531,0.7384084218437295,0.12571873753288967,0.25056647079771965,0.6448545406089098,0.7686666124058205,0.0
MIG1,TPK1,0.0591857535154121,0.18070916457960143,0.06608153861035707,0.21918594848928294,0.837105675471754,0.8846170786742049,0.01939008045154991,0.12038008280337235,0.0
MIG1,PTC1,0.6115771207983075,0.7811232532968483,0.7869038030920705,0.8696639281533788,0.9097238206240006,0.9311571043559796,0.6397074842988668,0.7644578716497317,0.0
MIG1,MSN4,0.339387846663087,0.5281478964818849,,,,,0.339387846663087,0.5282480714466438,0.0
MIG1,HSP30,0.7867771695756922,0.8866467919026703,0.8876188377263473,0.9352762249868223,0.8839544684738796,0.9192186095034227,0.7754469299356952,0.8637250561571183,0.0
MIG1,YAK1,0.04966158078504152,0.1581813313893915,0.60888569131531,0.7468363557539349,0.016483215975511036,0.07161041607138684,0.37500853673844037,0.5602673649098753,0.0
MIG1,CAT1,0.6485527040627296,0.8102982936958074,0.1358681433611037,0.3050670775044574,0.14121057365102893,0.27004769583262034,0.2347342969215335,0.4346973767699205,0.0
CIP1,MIG1,0.032582401812951176,0.12736757072335458,0.23621938188441122,0.40929877393448433,0.08700178188838258,0.19893389893776367,0.061890240385717395,0.2231251627947008,0.0
CIP1,PDE1,0.48790403809478905,0.6607834216716828,0.7940877807203206,0.8737599555935426,0.426148422265526,0.5648272308671888,0.86623317985437,0.9202762481162291,0.0
CIP1,SKN7,0.8752666205838011,0.9312114973633843,,,,,0.8752666205838011,0.9248639163955967,0.0
CIP1,PBS2,0.016661905631290986,0.08948912685635939,0.12030588208575807,0.2854626863670085,0.0018913976687977294,0.019987472662159788,0.7894366447722734,0.8713041486745832,0.0
CIP1,RHB1,0.7446780558300468,0.8713239836922997,0.07159634587028028,0.22632133493222828,0.0979951065967217,0.21894906673896106,0.22508476200665342,0.42747640634214734,0.0
CIP1,C3_00570C_A,0.007186085556295023,0.05618212344012472,0.9573479112650001,0.9697007875393872,0.009236176453722678,0.05086401399162771,0.2106772308158757,0.42251244629717216,0.0
CIP1,C2_10540W_A,0.4686886116741016,0.6436215050104136,0.7839476568387201,0.8696639281533788,0.4134266508646002,0.5535952756440365,0.8970874856441102,0.9347275200068003,0.0
CIP1,GCN4,0.0352256495670883,0.13267470931837635,0.026185891061478093,0.11886521420343556,0.0026065288347204047,0.02316256305399269,0.8745921466121627,0.9248639163955967,0.0
CIP1,TPK2,0.07572134530251787,0.2059850193704666,0.29048221665739243,0.4611855523765704,0.015670260471070105,0.07100147850592312,0.8126202292904317,0.8821888099400679,0.0
CIP1,RCK2,0.3149131883330756,0.5093893579306176,0.2628970653882598,0.43909403474422115,0.8298466081662179,0.8817120211766065,0.18742354493955882,0.40619793739628024,0.0
CIP1,EFH1,0.7199932775115474,0.8521021357705469,0.8617645017545996,0.9183056115982272,0.6890672619572882,0.7788638527136368,0.9202361658690004,0.9518260733042311,0.0
CIP1,SSN3,0.024401692770831,0.10670570737075251,0.034369349516615175,0.14232850980331863,0.6841466576115196,0.7788638527136368,0.005428522437918401,0.06602855863264014,0.0
CIP1,HOG1,0.3773041819962541,0.5659562729943812,0.0656378958350352,0.21918594848928294,0.12889122555826182,0.25324858891095664,0.10005970345156384,0.2880946051069181,0.0
CIP1,FGR15,0.04713944332030356,0.15298083492626816,0.024311947369724293,0.11347415725180417,0.17317958747601755,0.31348712362556885,0.06223806189991081,0.2231251627947008,0.0
CIP1,SSK1,0.01304375948118182,0.07754249235280163,0.04620496009352196,0.17153133467370513,0.00014784556029895726,0.004817301173074357,0.8113631170099487,0.8821888099400679,0.0
CIP1,C1_12120W_A,0.9168953960983155,0.9538669846506669,0.00622231156821875,0.05954790193875638,0.1868255044756627,0.32180075881050274,0.44445295118447004,0.6061646656886593,0.0
CIP1,PTC1,0.0443716652468201,0.14786931851017357,0.18565106506515086,0.36282843006508736,0.056507572530426826,0.15781757756712064,0.8420288064918097,0.9042327363407542,0.0
CIP1,MSN4,0.372943561258197,0.5656719437523151,,,,,0.372943561258197,0.5598850441055049,0.0
CIP1,TPS2,0.043704298253667555,0.14786931851017357,3.554797150643676e-05,0.0033486189159063428,0.11618109960854764,0.2386519132491093,0.0043933360366488075,0.057655109705318584,0.0
CIP1,PDE2,0.5725003430445608,0.748761875751896,0.06280445388502466,0.21556940624240406,0.06154131973603952,0.16622820379794295,0.2734959324911693,0.4691139849709984,0.0
CIP1,HSP30,0.10174641291063131,0.24419139098551515,0.04949530659276849,0.1821272609780778,0.004984193557836172,0.03608925335396191,0.9605840702277926,0.9782826388600431,0.0
CIP1,YAK1,0.023036313062587237,0.1024718753473708,0.01502950874814079,0.09149302397953801,0.4519876235002754,0.5832579563980451,0.0015213921358318066,0.03279423759947843,0.0
CIP1,TYE7,0.456883477905561,0.6371672286466742,,,,,0.456883477905561,0.614678448830055,0.0
CIP1,CAT1,0.5113859136062839,0.6889690115426698,0.3400007645735191,0.5058989129623856,0.9005268109267495,0.9290395331724512,0.3528802605714495,0.5378942079298821,0.0
C7_00810W_A,CIP1,0.20619350375056855,0.3897283807153603,0.4919482680812974,0.6454251650871617,0.05247169165107116,0.1508561134968296,0.6742241656123005,0.7893795922784005,0.0
C7_00810W_A,MIG1,0.0007364719427814638,0.016137106485927873,,,,,0.0007364719427814638,0.023786665810944872,0.0
C7_00810W_A,SKN7,0.000513725699227688,0.016103282839077016,0.17115209501500145,0.3415789692884139,0.000372839053995631,0.009111254382018232,0.2123140555081535,0.42251244629717216,0.0
C7_00810W_A,PBS2,0.13640307629247742,0.2982372346055862,0.12835862083559255,0.2964643752226068,0.4660341996510304,0.5883111581665862,0.02372843873295411,0.14002128202812525,0.0
C7_00810W_A,RHB1,0.06349044665130539,0.1872061169832776,0.09181379060601387,0.255702924290082,0.18567132625307173,0.321227825508633,0.088503822650393,0.26809031085198687,0.0
C7_00810W_A,C2_10540W_A,0.01288999240134401,0.07754249235280163,0.5194420539135509,0.6688141154011293,0.046821108394521124,0.13974849910120427,0.14160746178345868,0.34331985135689363,0.0
C7_00810W_A,GCN4,0.0026068557021684323,0.02745792700750413,0.7127243798982972,0.8288720566224641,0.0013485146453976367,0.017807265610520574,0.2152295442057792,0.4233558031242389,0.0
C7_00810W_A,RCK2,0.006373514490044988,0.052202118680368476,0.2590472438623962,0.43420374327113387,0.0018082820606839512,0.01963995238131736,0.3183810560973508,0.5060136251573896,0.0
C7_00810W_A,EFH1,0.002363854767238018,0.02653344670303317,0.18670509696133084,0.3633805812759786,0.05764822050479804,0.1598613774281988,0.042054502913942415,0.18888274043507824,0.0
C7_00810W_A,HOG1,0.16479451098826484,0.3347794002753727,0.6687052194236138,0.7953539352235407,0.13598036520364676,0.26320951878527665,0.3989614326970862,0.5674964531920368,0.0
C7_00810W_A,FGR15,0.014905537704562235,0.08360062451689253,,,,,0.014905537704562235,0.10451412319904815,0.0
C7_00810W_A,SSK1,0.02255752544190356,0.10121463589584553,0.027832391646904153,0.1236703440159609,0.7054714917300059,0.7926418197311274,0.006825692681432086,0.07675684600251931,0.0
C7_00810W_A,C1_12120W_A,0.020701770872387844,0.09537601580492971,0.033053935693046224,0.14025588929211505,0.4231020693736995,0.5626969698133215,0.004388174601286763,0.057655109705318584,0.0
C7_00810W_A,TPK1,0.006028211919484347,0.050170279846031014,0.03676326261605632,0.14674149739120787,0.07739425884890176,0.18679725438222586,0.016103902684541087,0.10906734090893735,0.0
C7_00810W_A,MSN4,0.4639151239620088,0.6436215050104136,0.7329313583819301,0.8378899752375949,0.6136854611389148,0.7306166513149298,0.4997846639106309,0.6475470862842088,0.0
C7_00810W_A,TPS2,0.0005002599043617125,0.016103282839077016,0.45902588941726863,0.6109175476449061,0.0004958110216370049,0.011403653497651113,0.17890608217898088,0.39539809618158495,0.0
C7_00810W_A,PDE2,0.22593132214392014,0.4090546043026765,,,,,0.22593132214392014,0.42747640634214734,0.0
C7_00810W_A,HSP30,0.030594467899918744,0.12333394872154743,0.17021734798829485,0.34115902511696544,0.26808880231908794,0.4209747859709373,0.04607307440965881,0.1948367508032592,0.0
C7_00810W_A,YAK1,0.06164722309059646,0.1849416692717894,0.15760618584747269,0.3284500196196203,0.68721905304027,0.7788638527136368,0.05320759653950448,0.21283038615801791,0.0
C7_00810W_A,TYE7,0.15073112906827926,0.31235848433426544,0.13601716831408928,0.3050670775044574,0.6133977227440022,0.7306166513149298,0.027982600937865004,0.15143848298618154,0.0
C7_00810W_A,CAT1,0.08338864366497158,0.21514270065562666,0.8424952310357564,0.9053979718734894,0.08432131173678199,0.19825411132528867,0.2619242854024589,0.4604922539819041,0.0
NIK1,C7_00810W_A,0.593026089673272,0.7630959158887988,0.5547006140077522,0.7042156043063376,0.8129670532422563,0.8671032383381857,0.49650056262290965,0.6450565988856717,0.0
NIK1,CIP1,0.7495454978850093,0.8750350156304635,0.4498021464515251,0.6018659402803078,0.6426998826767663,0.7456844336101354,0.47829167069871803,0.6294940698459971,0.0
NIK1,SKN7,0.32701342025632446,0.5224115320503512,0.2810304715161208,0.4533060002879894,0.7750817247491459,0.8484346517806327,0.21377780531979873,0.42251244629717216,0.0
NIK1,PBS2,0.3355217744719179,0.5277980696585196,0.8591467130171135,0.917592067644128,0.12647382224587322,0.25056647079771965,0.6399904015650177,0.7644578716497317,0.0
NIK1,RHB1,0.272891779518501,0.46386612803885374,0.3804151928355596,0.541315878627035,0.005788557513300291,0.03986482236434899,0.8593658371086514,0.9178889586321797,0.0
NIK1,C3_00570C_A,0.7613300365569102,0.8768172103102304,0.8787590229704382,0.9280168157378395,0.33549361790357,0.4701720594992684,0.9074266013046189,0.9422060180793604,0.0
NIK1,C2_10540W_A,0.054783092442144944,0.17132167090998054,0.5891063870493845,0.734045260053598,0.04231012876432056,0.13301723923561926,0.14060395124748098,0.34331985135689363,0.0
NIK1,TPK2,0.20873897564928054,0.39309967677017793,0.3390140053161731,0.5058989129623856,0.9085342339053352,0.9311571043559796,0.1549288617166915,0.3678788907695145,0.0
NIK1,RCK2,0.6552295916560851,0.8166629693104829,0.7763464350058411,0.8682534347642771,0.08594675076076941,0.19884721625716473,0.8965496727327209,0.9347275200068003,0.0
NIK1,EFH1,0.18851275063740827,0.3656863884545213,0.8448365577899232,0.9053979718734894,0.053482170090005283,0.15153281525501497,0.31398728152820854,0.5012434816227607,0.0
NIK1,SSN3,0.7194364551288985,0.8521021357705469,0.07295929934447176,0.22909219994164134,0.03874294853160777,0.1258862006912573,0.20186703002491946,0.42251244629717216,0.0
NIK1,HOG1,0.6721599256617471,0.8238349682695048,0.47567196557095864,0.6293300443368581,0.2951432173405515,0.44214941754848897,0.38836410150740175,0.5674964531920368,0.0
NIK1,FGR15,0.0163871809128598,0.08900826685300692,0.6878629313824245,0.8079137482832469,0.01593098610635133,0.07100147850592312,0.21990313466467426,0.42552684500047355,0.0
NIK1,SSK1,0.17311385620911143,0.345716159516619,0.356817481875111,0.516644583559195,0.29746906230874665,0.4439328372622898,0.1045487325111212,0.2915127204199431,0.0
NIK1,TPK1,0.6660347008759506,0.8197240909089721,0.6895569571334719,0.8079137482832469,0.2576007022462496,0.40778086873799024,0.9837592302931745,0.9910497887435008,0.0
NIK1,MSN4,0.3365224126311104,0.5277980696585196,0.6607435640807532,0.7878739713469234,0.06540486077550584,0.1727925713731269,0.29785850056611063,0.4933475507355529,0.0
NIK1,TPS2,0.11227769032869686,0.260088185487479,0.009824753391752065,0.07463643302443908,0.11074807372048016,0.23156415414282217,0.03565260391102411,0.17275570675585664,0.0
NIK1,YAK1,0.540436879731678,0.7187253349008913,0.4088891952352974,0.5647707066153228,0.4358743818028478,0.5699895762037241,0.2754206534942654,0.4691139849709984,0.0
NIK1,TYE7,0.310789542240214,0.5074917841644001,,,,,0.310789542240214,0.49927376597080203,0.0
NIK1,CAT1,0.552795408487009,0.7276592621920833,0.7145917662208738,0.8289968519458906,0.6892247903808653,0.7788638527136368,0.48416275815276855,0.6355969247996698,0.0
C7_03620C_A,NIK1,0.46993032960630154,0.6436215050104136,0.2674196010619551,0.44179127361407666,0.09980306712113568,0.21923315489956138,0.9843984478794505,0.9910497887435008,0.0
C7_03620C_A,C7_00810W_A,0.7987962674716443,0.890235149061271,0.3246960775627032,0.49332855655494584,0.39069306523284386,0.5322682526342926,0.4396954896233044,0.602433360495378,0.0
C7_03620C_A,MIG1,0.4548649568720414,0.6360713218048059,0.6174475551105494,0.7534139856400744,0.1629190600088572,0.3004780776578451,0.9618685006241363,0.9782826388600431,0.0
C7_03620C_A,PDE1,0.1362093120689084,0.2982372346055862,0.22235308948305255,0.3952011514962934,0.5770791891483316,0.692140990665637,0.1139448688044737,0.3082721291302047,0.0
C7_03620C_A,SKN7,0.21726793700347344,0.4024191527980944,0.30394705200057365,0.4736889555954729,0.004371623672596286,0.03337647486214758,0.8551245044639997,0.9149985721015149,0.0
C7_03620C_A,PBS2,0.06787664309959926,0.1967659990977147,0.1532738004532696,0.3273485225365564,0.004438815071180753,0.03337647486214758,0.6926793106865445,0.8000714518782569,0.0
C7_03620C_A,C3_00570C_A,0.8649074267728599,0.927842478617039,0.952482424095386,0.9689252083965489,0.9044802197740391,0.930662541925393,0.8794336828501953,0.9248639163955967,0.0
C7_03620C_A,GCN4,0.14213126310775212,0.3046367324009218,0.12190634141902788,0.28708943404181064,0.020428930592658098,0.08068395819928602,0.7878145958223646,0.8713041486745832,0.0
C7_03620C_A,TPK2,0.26261054905660963,0.4547216218564113,0.9051062573115249,0.9448086337562603,0.1836810135433369,0.3206217691760926,0.5311189490909628,0.6822131328840816,0.0
C7_03620C_A,RCK2,0.4004100317763151,0.5971432843831752,,,,,0.4004100317763151,0.5682009022349614,0.0
C7_03620C_A,EFH1,0.4319377651071797,0.6225695161880019,0.727908477815308,0.8341724891752069,0.30059705361036665,0.4452024544002021,0.8252507570945586,0.8894203458017305,0.0
C7_03620C_A,SSN3,0.7809200285262385,0.8850478072024419,0.1292089799217834,0.296865509966634,0.0013241229656671754,0.017807265610520574,0.23435900597475837,0.4346973767699205,0.0
C7_03620C_A,HOG1,0.2565322912007462,0.4471981833094089,0.13976604710974744,0.3090601323412725,0.1242884260669702,0.2504988381040482,0.053962554765020515,0.21321286965887773,0.0
C7_03620C_A,FGR15,0.0025872319949711326,0.02745792700750413,0.34172397118592157,0.5061383346810349,0.002397879015902246,0.02199203346302934,0.19856170722524377,0.4211486743994494,0.0
C7_03620C_A,SSK1,0.9495637032481457,0.9683297843400063,0.5197154272543808,0.6688141154011293,0.5263151129657199,0.6451072387761644,0.6601284215312722,0.7775425676534351,0.0
C7_03620C_A,C1_12120W_A,0.375804478707778,0.5656719437523151,,,,,0.375804478707778,0.5602673649098753,0.0
C7_03620C_A,TPK1,0.6588121310261823,0.81718043175363,0.16675942379571101,0.33913901013997233,0.3004077016955371,0.4452024544002021,0.27484225212592667,0.4691139849709984,0.0
C7_03620C_A,PTC1,0.9574752061125387,0.9721645033949854,0.7641052211627819,0.8651287479992074,0.713005213344532,0.798810998331553,0.8053276067159841,0.880875170947573,0.0
C7_03620C_A,MSN4,0.7277139598249449,0.8553539937805731,0.11338309745648405,0.2844759049317303,0.034835138473727933,0.1144583121279632,0.5305062410179278,0.6822131328840816,0.0
C7_03620C_A,TPS2,0.07612711490540408,0.2059850193704666,0.24143280634130299,0.4161082090187102,0.07063851074684821,0.1790004528216229,0.30046068885241517,0.4933475507355529,0.0
C7_03620C_A,HSP30,0.14792345894580786,0.30902228670460263,0.8338064770469901,0.8986792921948108,0.050149852609197354,0.14743302533982078,0.4709948482036519,0.626175551901572,0.0
C7_03620C_A,YAK1,0.8798621486515157,0.9322564039100248,,,,,0.8798621486515157,0.9248639163955967,0.0
C7_03620C_A,TYE7,0.8338163292705908,0.9096178137497355,0.21597350946916583,0.3930145477680293,0.04463682842745018,0.13851587234232557,0.5451107890548221,0.6960126007060002,0.0
C7_03620C_A,CAT1,0.5399374847445447,0.7187253349008913,0.26847134473095324,0.44179127361407666,0.07095925879118044,0.1790004528216229,0.6978977829671846,0.8029866383174556,0.0
NGS1,C7_03620C_A,0.3322770529086842,0.5277980696585196,0.08185171638989458,0.2405774014125441,0.30467946699119547,0.4476844828305451,0.1379009985575558,0.34245414641793026,0.0
NGS1,NIK1,0.7797579306232545,0.8850478072024419,,,,,0.7797579306232545,0.8654296585688263,0.0
NGS1,C7_00810W_A,0.2888664272354683,0.48710809298529945,0.004731539454562295,0.05488497058632584,0.11812946684215925,0.2405657371629389,0.06217418574497491,0.2231251627947008,0.0
NGS1,CIP1,0.4537953842414576,0.6360713218048059,0.0038858818623517502,0.050840287699102066,0.0038285286601563956,0.03118655637752397,0.2507479786967042,0.44610685165144975,0.0
NGS1,MIG1,0.18504590464048035,0.3616806317973025,0.0011754919856314897,0.027682836261621584,0.29306464129809384,0.44214941754848897,0.027568076070805317,0.15126796140703078,0.0
NGS1,SKN7,0.16177058225394067,0.3299352586681162,0.2809373255411854,0.4533060002879894,0.43345221154949864,0.5699895762037241,0.18265174301883677,0.3987561862242737,0.0
NGS1,PBS2,0.07571715380955371,0.2059850193704666,0.9436864790315678,0.962069981869845,0.18364608212328018,0.3206217691760926,0.4416112418157787,0.6036704131243213,0.0
NGS1,RHB1,0.0016827838561137638,0.020941720164203967,0.09627044497801959,0.2621004600268626,0.061644730308700074,0.16622820379794295,0.020173023233118877,0.1239497097622562,0.0
NGS1,C3_00570C_A,0.9206873621164172,0.9558846656983325,0.2169507057742837,0.3930145477680293,0.21450595110687218,0.3599649222437211,0.3914875600482768,0.5674964531920368,0.0
NGS1,C2_10540W_A,2.3865910491727687e-05,0.0038859973715363043,0.12840495232571505,0.2964643752226068,0.004352512630025562,0.03337647486214758,0.05001667750461325,0.20558579167413446,0.0
NGS1,TPK2,0.0038776966422336486,0.03775266919608609,0.08133126119928814,0.2405774014125441,0.3436379681543351,0.4788058152978553,0.008834644885726679,0.08518496899265417,0.0
NGS1,RCK2,0.019014651573242024,0.09055049030185565,0.9033953324097784,0.9448086337562603,0.00476821025812195,0.03517679643256005,0.2485354447880498,0.44460955130354357,0.0
NGS1,EFH1,0.03574288717087054,0.1336473172476029,0.1991471618225545,0.3797502559450331,0.3998511405720701,0.5409750725386832,0.05727616771047821,0.21882433304772442,0.0
NGS1,HOG1,0.417696217388426,0.6088453338204175,,,,,0.417696217388426,0.5830775227971686,0.0
NGS1,FGR15,0.10240929612401646,0.24464442962959487,0.26920190133171973,0.44179127361407666,0.1117769100985064,0.23247219068359576,0.2803554661772818,0.4746927779592612,0.0
NGS1,SSK1,0.2158759637383926,0.4021371743285581,0.0617264714687921,0.21556940624240406,0.42836683984770135,0.5658494404744974,0.07789800015605466,0.2536581179724547,0.0
NGS1,C1_12120W_A,0.15308890121000518,0.3159754920974507,0.1818232340371083,0.35832110138693724,0.83414599557656,0.8838782771556503,0.10110020020146457,0.2883048771295353,0.0
NGS1,TPK1,0.03735660441624022,0.1347972578935661,0.03485678872745325,0.14276128252722156,0.10611293216996616,0.22645940949555815,0.06058057747983612,0.2231251627947008,0.0
NGS1,PTC1,0.07738433492278081,0.20797040010497342,0.08803985913251,0.252846180801294,0.46152097399125364,0.5876644184804021,0.015707290109021506,0.10885517331368391,0.0
NGS1,MSN4,0.3946658656804027,0.5902828599741675,0.00459545189588718,0.05488497058632584,0.0015694728289563898,0.018595875033998437,0.3822592827859582,0.5653263834750152,0.0
NGS1,TPS2,0.14454818014071086,0.3069418146197811,,,,,0.14454818014071086,0.3472908694177199,0.0
NGS1,HSP30,0.01225883714023385,0.07714097517513008,,,,,0.01225883714023385,0.09132833669474219,0.0
NGS1,YAK1,0.9041206184052555,0.944385099386866,0.011301656498513902,0.07682116679773722,0.007020884571698693,0.04472353226354897,0.25230346306593315,0.4462102788940539,0.0
NGS1,TYE7,0.1272600592530709,0.28412457656698564,,,,,0.1272600592530709,0.3200295160963302,0.0
CR_02460W_A,NGS1,0.01750218649212731,0.08948912685635939,0.6312421845209794,0.7674034475165656,0.010435612691481987,0.05589485701875968,0.26543809709403093,0.46285512374431953,0.0
CR_02460W_A,C7_03620C_A,0.7623973506712873,0.8768172103102304,0.09116919870322397,0.255702924290082,0.10662263518006232,0.22645940949555815,0.24908009976483952,0.44460955130354357,0.0
CR_02460W_A,NIK1,0.6992714219317564,0.8430468544784726,0.9150036403665395,0.947179592555253,0.7201989346053224,0.8022728872668975,0.7363538856113294,0.8351159952704863,0.0
CR_02460W_A,C7_00810W_A,0.42453115511018125,0.6153316742608245,0.635747865475278,0.7677878067662972,0.09980435184685915,0.21923315489956138,0.891760219773901,0.9324370017285,0.0
CR_02460W_A,CIP1,0.12842321536033502,0.2844050606263213,0.8038841838266906,0.8764570615332667,0.17955929260347203,0.3176818253753736,0.3021339866081826,0.4933475507355529,0.0
CR_02460W_A,MIG1,0.0750984033663872,0.2059850193704666,0.16491344796413188,0.33771406083089617,0.048488991214853366,0.14363026943187626,0.39358458153443737,0.5674964531920368,0.0
CR_02460W_A,PDE1,0.03707678798055988,0.1347972578935661,0.03988388830608731,0.15397796223087806,0.9844595097456057,0.9869837648987996,0.011415657659322434,0.086705607188138,0.0
CR_02460W_A,SKN7,0.09920028322366595,0.24128759017176077,0.21808065627176484,0.39354785097318484,0.3057078181988633,0.4476844828305451,0.11586066598182189,0.3082721291302047,0.0
CR_02460W_A,RHB1,0.013027942047764475,0.07754249235280163,0.024333099538072656,0.11347415725180417,0.7823778630271592,0.8484346517806327,0.003183213714322454,0.04742988434340456,0.0
CR_02460W_A,RCK2,0.41265451768273875,0.6067099383472039,0.8320398800267355,0.8986792921948108,0.6276819217932665,0.7370079021656674,0.5479047172293687,0.6962712398053386,0.0
CR_02460W_A,SSN3,0.04441810924239709,0.14786931851017357,0.018555240680735212,0.10287283897732023,0.025476349099137766,0.08737940787511286,0.3974107553321831,0.5674964531920368,0.0
CR_02460W_A,HOG1,0.17730162177007516,0.3491894535624381,0.1331115609375229,0.3028770299592913,0.5218339807504638,0.6416260580925515,0.03506517555969044,0.1713020051932418,0.0
CR_02460W_A,FGR15,0.0008739772137668645,0.016437319324270623,0.08057170509801317,0.2405774014125441,0.0007540858428488308,0.014742378227694643,0.20388000556653937,0.42251244629717216,0.0
CR_02460W_A,SSK1,0.06034097455161067,0.18208153724345677,0.11603895736809594,0.2846580672936103,0.18773286481043833,0.32194539535474287,0.05669298905842156,0.2179936869601242,0.0
CR_02460W_A,C1_12120W_A,0.856379649406364,0.9244600399449453,0.21268891892136688,0.3930145477680293,0.2533506959437621,0.4026834232276869,0.37956436180942044,0.5627372130308821,0.0
CR_02460W_A,TPK1,0.9586345786099085,0.9721645033949854,0.1899681862845828,0.3667008841804857,0.1690467540829865,0.3088657983478866,0.3899982900142075,0.5674964531920368,0.0
CR_02460W_A,PTC1,0.8775149365101862,0.9316825251836545,0.3237393177837425,0.49332855655494584,0.07643489268092822,0.1856275965108257,0.5586991294551136,0.7037723147736352,0.0
CR_02460W_A,TPS2,0.004177357655092513,0.0391912100005043,,,,,0.004177357655092513,0.057655109705318584,0.0
CR_02460W_A,PDE2,0.4744146609751372,0.6451341952365676,,,,,0.4744146609751372,0.628335862091515,0.0
CR_02460W_A,HSP30,0.018143176965010957,0.08948912685635939,,,,,0.018143176965010957,0.11601647097861222,0.0
CR_02460W_A,CAT1,0.4444705106703453,0.6318093209528876,0.9376885499336064,0.9580288655503875,0.32061199063483936,0.4610674808665537,0.6479455398682876,0.7708094645938112,0.0
SRR1,CR_02460W_A,0.9127273308301389,0.9514490963805083,0.9637638045047886,0.9722346937381686,0.8794455942524478,0.9192186095034227,0.9709556708924842,0.9858425551140044,0.0
SRR1,NGS1,0.08977416962226506,0.22487122099557658,0.40847674640521286,0.5647707066153228,0.45142659391805795,0.5832579563980451,0.14227044770824993,0.34331985135689363,0.0
SRR1,C7_03620C_A,0.02033764283047391,0.09454255586058143,0.18324175668126638,0.3596119474869853,0.07459111111159525,0.18228202777896088,0.02584783792498782,0.14956613012905573,0.0
SRR1,NIK1,0.7045462303793295,0.8448284662531921,0.31351741024847085,0.4829955190664969,0.0035290156948869747,0.029426227508925082,0.6797275874105615,0.7922398079583657,0.0
SRR1,C7_00810W_A,0.1008842767031705,0.24325367653661673,0.10206788812455761,0.26847634403147974,0.9403788083765919,0.9525598810239572,0.05126345827075867,0.20784368115219162,0.0
SRR1,CIP1,0.028108010669314627,0.11791653256395404,0.5700171966337795,0.715941598972027,0.09287827479023461,0.20991563839873834,0.610369042773204,0.7444405839296214,0.0
SRR1,MIG1,0.23979373514076502,0.42814383160081226,0.067164434994507,0.21968367279453332,0.2410973395332707,0.3908733061274765,0.08468034014239528,0.261787139516025,0.0
SRR1,PDE1,0.7587243582038112,0.8768172103102304,0.03580554635917941,0.14538286495839225,0.02351099518057019,0.08433760656516462,0.3786554929652737,0.5627372130308821,0.0
SRR1,SKN7,0.18707137262018575,0.36425972932836165,0.6005507269933341,0.7404696136488491,0.27001370501648286,0.4223014346457792,0.8651451347915607,0.9202762481162291,0.0
SRR1,PBS2,0.4702428437769882,0.6436215050104136,0.015607255014390368,0.09149302397953801,8.783779130765763e-05,0.0033139917422780963,0.3851986164298141,0.5668601861535042,0.0
SRR1,RHB1,0.12361812675313542,0.27976733949393806,,,,,0.12361812675313542,0.31854471378609034,0.0
SRR1,RCK2,0.438087937596776,0.6270892964727521,,,,,0.438087937596776,0.602433360495378,0.0
SRR1,EFH1,0.7806539199025985,0.8850478072024419,0.34686587016162534,0.5081689068262233,0.3673900308206755,0.5093953973435608,0.41774178227246817,0.5830775227971686,0.0
SRR1,SSN3,0.29810009718515684,0.4977982205422037,,,,,0.29810009718515684,0.4933475507355529,0.0
SRR1,HOG1,0.9871712169848488,0.9871712169848488,0.36876203793036255,0.5311526601382287,0.19647834482854815,0.3340131862085318,0.54536557806997,0.6960126007060002,0.0
SRR1,FGR15,0.004046403139432506,0.03866562999902172,0.11734874544051298,0.2854626863670085,0.0035371680125817874,0.029426227508925082,0.21714917055724856,0.42403446802789657,0.0
SRR1,SSK1,0.7170097433657316,0.8521021357705469,0.32616584606697197,0.49396821060303475,0.32074259538542865,0.4610674808665537,0.8861630996687676,0.9298471961313125,0.0
SRR1,C1_12120W_A,0.5979787705884989,0.7656502372795668,0.51258993241055,0.665177660505867,0.8602694157231763,0.9066451254656656,0.4299663298373807,0.5959533315885556,0.0
SRR1,TPK1,0.018321063309039088,0.08948912685635939,0.25025888674277813,0.4239997685462176,0.24919457745277745,0.3994582509664305,0.042671940987467114,0.18897673909026402,0.0
SRR1,TPS2,0.010235231779375232,0.06858934543061844,,,,,0.010235231779375232,0.086705607188138,0.0
SRR1,PDE2,0.225431474018122,0.4090546043026765,,,,,0.225431474018122,0.42747640634214734,0.0
SRR1,HSP30,0.0015450101068488521,0.020941720164203967,0.0019112590015832199,0.03605697280596263,0.16613556785876796,0.30497186400365384,2.1018845668653015e-05,0.0035108446355790763,-1.0
SRR1,TYE7,0.7227106532116687,0.8533608628311695,0.9071273493113934,0.9448086337562603,0.7833373639202261,0.8484346517806327,0.7546680249782858,0.8470473500697897,0.0
SRR1,CAT1,0.1382950530144677,0.29983297208178716,0.1765040476984362,0.35077386694499346,0.9208268500559467,0.9376127561767582,0.06323308599295815,0.2231251627947008,0.0
GCN5,SRR1,0.004352356929354803,0.0401038602776264,0.038833723758157176,0.15137674248619032,0.015979872400310062,0.07100147850592312,0.06076841356292378,0.2231251627947008,0.0
GCN5,CR_02460W_A,0.007636832095224194,0.05734446626459935,,,,,0.007636832095224194,0.07801527238519035,0.0
GCN5,NGS1,0.0410308406918721,0.14209338118795975,,,,,0.0410308406918721,0.18888274043507824,0.0
GCN5,C7_03620C_A,0.0005305345121401343,0.016103282839077016,,,,,0.0005305345121401343,0.02258561208825143,0.0
GCN5,NIK1,0.0004899593998317569,0.016103282839077016,,,,,0.0004899593998317569,0.02246275402305593,0.0
GCN5,C7_00810W_A,0.03243244802256778,0.12736757072335458,,,,,0.03243244802256778,0.1673035998280234,0.0
GCN5,CIP1,0.02431983757909205,0.10670570737075251,0.3836330965095827,0.54261618154959,0.024615733227591988,0.08593528296418275,0.2229307202700335,0.4258548374389101,0.0
GCN5,MIG1,0.08588024470979747,0.21722650132478183,0.29232054306269933,0.4611855523765704,0.08685916583076744,0.19893389893776367,0.286438344707698,0.4835584103923809,0.0
GCN5,PDE1,2.9453394593784196e-05,0.0038859973715363043,,,,,2.9453394593784196e-05,0.0035108446355790763,1.0
GCN5,SKN7,0.027330677676906837,0.11559532525642564,,,,,0.027330677676906837,0.15126796140703078,0.0
GCN5,PBS2,0.08799515929258575,0.22149025460963048,0.018565162023507897,0.10287283897732023,0.14480645035495215,0.27485107810090437,0.17558869749057915,0.39048829740442226,0.0
GCN5,RHB1,0.0005833000808656928,0.016137106485927873,,,,,0.0005833000808656928,0.02317645654639686,0.0
GCN5,RCK2,0.0011709705946092866,0.01777120078877623,0.09562220169110136,0.26184916858435314,0.0030836068942646003,0.026793117681276863,0.09833920955853552,0.28590326291164475,0.0
GCN5,SSN3,0.0004536189852855448,0.016103282839077016,0.37723469108526336,0.540053311553675,0.004168699673592867,0.033264521885200224,0.11072805725324764,0.3041194567877216,0.0
GCN5,HOG1,0.09361734040519784,0.2322430175436639,0.0002794127175648368,0.008225211873314884,0.5594081355131835,0.6792813074088657,0.03064642570753851,0.16163955505922964,0.0
GCN5,FGR15,0.00031349472370001836,0.016103282839077016,0.07487033373096581,0.23103220475588354,0.0003575456936302993,0.009111254382018232,0.15741053968636776,0.36935701438218577,0.0
GCN5,SSK1,0.00108088462560283,0.01757066132998156,0.5269790376171442,0.6744758878197687,0.0010910296930007213,0.017807265610520574,0.17912329860575157,0.39539809618158495,0.0
GCN5,C1_12120W_A,0.3756115986539534,0.5656719437523151,0.18895708936133793,0.36625016086086487,0.2419215858896402,0.3908733061274765,0.3070414803823479,0.4959260767151202,0.0
GCN5,TPK1,0.0016040145177842527,0.020941720164203967,,,,,0.0016040145177842527,0.03279423759947843,0.0
GCN5,PTC1,0.01787771419558768,0.08948912685635939,,,,,0.01787771419558768,0.11601647097861222,0.0
GCN5,MSN4,0.01798777937233664,0.08948912685635939,,,,,0.01798777937233664,0.11601647097861222,0.0
GCN5,TPS2,0.007890420745710376,0.05734446626459935,,,,,0.007890420745710376,0.07837817940738974,0.0
GCN5,PDE2,0.046877807097812106,0.15298083492626816,,,,,0.046877807097812106,0.19537883237969242,0.0
GCN5,HSP30,0.007429283054721941,0.057216568003530165,0.27975591779718134,0.4533060002879894,0.007546407349465591,0.04610383240064134,0.19576749963857162,0.41670510637353103,0.0
GCN5,CAT1,0.07130376196011781,0.20105323044492235,,,,,0.07130376196011781,0.2374136431744705,0.0
MNL1,GCN5,0.00012660627453281087,0.009332691094132916,0.028370095581008715,0.12488144877247762,0.6360991972560299,0.740222577759249,0.002798661333043331,0.04389479353931119,0.0
MNL1,SRR1,0.3103616245352088,0.5074917841644001,0.4187810566360975,0.5733891792895405,0.6303651253349942,0.7379424072035411,0.1924175344423288,0.41252104506341,0.0
MNL1,CR_02460W_A,0.43627784243513407,0.6270734448371286,,,,,0.43627784243513407,0.601901838174398,0.0
MNL1,NGS1,0.06850324923783563,0.1974730536688446,,,,,0.06850324923783563,0.23197691219176156,0.0
MNL1,C7_03620C_A,0.8111296687462124,0.8952463480277065,,,,,0.8111296687462124,0.8821888099400679,0.0
MNL1,NIK1,0.7531228992835856,0.8768172103102304,,,,,0.7531228992835856,0.8469080150434283,0.0
MNL1,C7_00810W_A,0.2707345756653772,0.462579606103757,,,,,0.2707345756653772,0.46770378868569507,0.0
MNL1,CIP1,0.9391838929694283,0.9653762724546315,,,,,0.9391838929694283,0.9671903181634702,0.0
MNL1,MIG1,0.11830996346175347,0.2701236333905522,0.6412976189574385,0.7705387207371264,0.3305330939190912,0.4678388520279315,0.23736825680842955,0.4366403736352593,0.0
MNL1,PDE1,0.2979602377646391,0.4977982205422037,0.9107072605633593,0.9448086337562603,0.31491932980034665,0.45774519684734405,0.4540058322741972,0.612188859808646,0.0
MNL1,SKN7,0.07194303974135323,0.20175330710075143,0.6821752438010404,0.8052745359155139,0.27344367631993316,0.4228816933771326,0.8015357329414257,0.8797703440756717,0.0
MNL1,RHB1,0.033199704042349835,0.12784363646158592,,,,,0.033199704042349835,0.16768664075627546,0.0
MNL1,RCK2,0.7929995843396784,0.8866467919026703,0.37132424009222786,0.5332125520836565,0.023187193309072634,0.08433760656516462,0.6540724844842929,0.7750043752537547,0.0
MNL1,EFH1,0.8731499255219466,0.9308788462176125,,,,,0.8731499255219466,0.9248639163955967,0.0
MNL1,SSN3,0.37601836571132574,0.5656719437523151,,,,,0.37601836571132574,0.5602673649098753,0.0
MNL1,HOG1,0.6977172412630399,0.8430468544784726,,,,,0.6977172412630399,0.8029866383174556,0.0
MNL1,FGR15,7.201192415451382e-05,0.006193025477288189,0.15829756784215246,0.3284500196196203,4.2583855462345596e-05,0.002775047914296188,0.2101731446519418,0.42251244629717216,0.0
MNL1,SSK1,0.4967288407270677,0.6709740361653584,,,,,0.4967288407270677,0.6450565988856717,0.0
MNL1,C1_12120W_A,0.4509667702575479,0.6343098767549492,,,,,0.4509667702575479,0.6108549888034057,0.0
MNL1,TPK1,0.6586157522035454,0.81718043175363,,,,,0.6586157522035454,0.777297006561016,0.0
MNL1,PTC1,0.31032910923954904,0.5074917841644001,,,,,0.31032910923954904,0.49927376597080203,0.0
MNL1,MSN4,0.2103681275506296,0.39329693411639455,0.11459742556971629,0.2844759049317303,0.4671776496758291,0.5883111581665862,0.05645605872393731,0.2179936869601242,0.0
MNL1,TPS2,0.009397267756696021,0.06642452277335817,,,,,0.009397267756696021,0.086705607188138,0.0
MNL1,PDE2,0.10737880734985002,0.25300212142704387,,,,,0.10737880734985002,0.29766404270004937,0.0
MNL1,HSP30,0.9796678800440157,0.9834798173204516,0.015325760663299907,0.09149302397953801,0.0016690857724441738,0.019194486383108,0.22997885153253408,0.4310295456395922,0.0
MNL1,YAK1,0.6322108043099709,0.7937790375845822,,,,,0.6322108043099709,0.7612073522600862,0.0
MNL1,TYE7,0.8089685309857889,0.8952463480277065,,,,,0.8089685309857889,0.8821888099400679,0.0
EFG1,MNL1,0.07123681315476733,0.20105323044492235,0.07504867797802586,0.23103220475588354,0.6579612990434595,0.758887516005878,0.024005674861141663,0.1402684531102003,0.0
EFG1,GCN5,0.017913679619094718,0.08948912685635939,0.00016892203783056621,0.006070098517157462,0.0003208680491652482,0.008961386230258004,0.10831158195734007,0.29885973540080873,0.0
EFG1,SRR1,0.21787758832096193,0.4024191527980944,,,,,0.21787758832096193,0.42403446802789657,0.0
EFG1,CR_02460W_A,0.33626032447818044,0.5277980696585196,,,,,0.33626032447818044,0.5282480714466438,0.0
EFG1,NGS1,0.002365384783603732,0.02653344670303317,,,,,0.002365384783603732,0.042720282758418916,0.0
EFG1,C7_03620C_A,0.8526396937017614,0.9223523730610249,,,,,0.8526396937017614,0.9139806788601615,0.0
EFG1,NIK1,0.900265488912581,0.9441808786156337,0.5223893020629851,0.670423327715711,0.37459596956476043,0.5175513219074959,0.5784166174897896,0.7152205477674576,0.0
EFG1,C7_00810W_A,0.27328547078258053,0.46386612803885374,,,,,0.27328547078258053,0.4691139849709984,0.0
EFG1,CIP1,0.1069783427453492,0.25300212142704387,0.010125452466278363,0.07569981129550966,0.01729389938759271,0.07262488126282599,0.06986805156882508,0.2339402176124705,0.0
EFG1,MIG1,0.04144466860629921,0.14256966000566929,,,,,0.04144466860629921,0.18888274043507824,0.0
EFG1,SKN7,0.41606608355116254,0.6081872496101979,,,,,0.41606608355116254,0.5830775227971686,0.0
EFG1,RHB1,0.5772035490969667,0.7521137154899868,,,,,0.5772035490969667,0.7152043976336635,0.0
EFG1,TPK2,0.14150465062462733,0.3046367324009218,,,,,0.14150465062462733,0.34331985135689363,0.0
EFG1,EFH1,0.412703853410598,0.6067099383472039,,,,,0.412703853410598,0.5814928998409372,0.0
EFG1,SSN3,0.025592363243684236,0.11004716194784221,0.09747530706559056,0.26234782644510374,0.3034686658855283,0.4476844828305451,0.019305771805391007,0.12038008280337235,0.0
EFG1,SSK1,0.6805818484474551,0.8295008966248186,,,,,0.6805818484474551,0.7922398079583657,0.0
EFG1,C1_12120W_A,0.3145386948438129,0.5093893579306176,,,,,0.3145386948438129,0.5012434816227607,0.0
EFG1,TPK1,0.19577747893376715,0.3755434168394938,0.15238354196237913,0.3273485225365564,0.038957110699852006,0.1258862006912573,0.6713616077376992,0.7876604689206077,0.0
EFG1,PTC1,0.4147460041017958,0.6079799378310415,,,,,0.4147460041017958,0.5829920246336564,0.0
EFG1,MSN4,0.11240245225524768,0.260088185487479,,,,,0.11240245225524768,0.3073021171748973,0.0
EFG1,HSP30,0.03416406488666457,0.12962248148175673,0.019024227654487514,0.10419082820073976,0.22852670938004196,0.3754367368386404,0.003937767049669151,0.05587878956197176,0.0
TRX1,EFG1,0.766367704781246,0.8768198130091418,0.7240348645378296,0.8337907608736375,0.5020206215861174,0.6192115553317725,0.9927694946701946,0.9944380148293042,0.0
TRX1,MNL1,0.14228188470663208,0.3046367324009218,,,,,0.14228188470663208,0.34331985135689363,0.0
TRX1,GCN5,0.01080529497501367,0.07136769664764857,,,,,0.01080529497501367,0.086705607188138,0.0
TRX1,SRR1,0.09772075628762816,0.240361879885425,0.0060906605332539466,0.05954790193875638,0.22519913499003308,0.37469302885575717,0.013385415126052765,0.09611695680876443,0.0
TRX1,CR_02460W_A,0.04888911419931301,0.15766739329278445,,,,,0.04888911419931301,0.2023466115471566,0.0
TRX1,NGS1,0.0016614960241458445,0.020941720164203967,,,,,0.0016614960241458445,0.03279423759947843,0.0
TRX1,C7_03620C_A,0.265122940257867,0.45753657917411156,,,,,0.265122940257867,0.46285512374431953,0.0
TRX1,NIK1,0.5904068721360367,0.7616248650554873,,,,,0.5904068721360367,0.7285351879773869,0.0
TRX1,C7_00810W_A,0.40157229470713945,0.5971507321869854,0.2044600134261329,0.38214550128455793,0.6755628749208085,0.7723540470585851,0.34787857201805433,0.5316298177506676,0.0
TRX1,CIP1,0.017504708789856296,0.08948912685635939,0.005702361968081361,0.05838722797752872,0.5697946931115432,0.685506846174195,0.0011707271599362859,0.03033710379660984,0.0
TRX1,MIG1,0.30243998148571255,0.49859115158666995,0.026246246872945432,0.11886521420343556,0.08518335218068669,0.19825411132528867,0.07378560064949986,0.2443123221505662,0.0
TRX1,PDE1,0.040476639004117805,0.14208126344302577,,,,,0.040476639004117805,0.18846935036292353,0.0
TRX1,SKN7,0.0830563522308156,0.21514270065562666,,,,,0.0830563522308156,0.259170606961079,0.0
TRX1,PBS2,0.19230251080839994,0.370254087974382,,,,,0.19230251080839994,0.41252104506341,0.0
TRX1,RHB1,1.7619284197901264e-05,0.0038859973715363043,0.003199680233141194,0.045668163327560685,1.6654382779776856e-05,0.0016279659167231875,0.05514399974256148,0.21480930618671007,0.0
TRX1,TPK2,0.36625869176568204,0.5574911060504187,0.38175153178688787,0.541581239372362,0.15632356479313025,0.2924522193019805,0.8054982687356163,0.880875170947573,0.0
TRX1,RCK2,0.4750988259494102,0.6451341952365676,0.06530055188894979,0.21918594848928294,0.0022953927843146703,0.02199203346302934,0.5557805740938282,0.7033389823097107,0.0
TRX1,EFH1,0.2530235928271247,0.44257686067388596,0.11287679395335412,0.2844759049317303,0.4560126756011717,0.586516303158086,0.054719250935614486,0.21455706287911994,0.0
TRX1,SSN3,0.018534272793626953,0.08948912685635939,0.5782909642598649,0.7224802232530407,0.015494229189672068,0.07100147850592312,0.3412340729982514,0.5282480714466438,0.0
TRX1,FGR15,0.04343928398551371,0.14786931851017357,,,,,0.04343928398551371,0.18897673909026402,0.0
TRX1,SSK1,0.1997745422802407,0.38038252330850253,0.8897329663450904,0.9354112213136999,0.38355266569044283,0.5251845667983025,0.6996532571514957,0.8034553781547041,0.0
TRX1,C1_12120W_A,0.7889984945448121,0.8866467919026703,0.2876212296616027,0.45986454333783444,0.28337790593662926,0.433207356419503,0.3843295711405356,0.5668601861535042,0.0
TRX1,TPK1,0.019439039583536984,0.0911867675009553,0.02324907896142698,0.1119006917261007,0.10962390007485079,0.23044594047992825,0.02820414699910428,0.15143848298618154,0.0
TRX1,PTC1,0.05883286934711676,0.1807009558518586,,,,,0.05883286934711676,0.22076095511789615,0.0
TRX1,MSN4,0.9365686233333115,0.9646096000798179,0.038888717284138064,0.15137674248619032,0.00805719971151968,0.0470203744358835,0.24270531819666602,0.43967285606447704,0.0
TRX1,TPS2,0.06326871226896717,0.1872061169832776,,,,,0.06326871226896717,0.2231251627947008,0.0
TRX1,PDE2,0.894110766773464,0.9415533788879743,0.01573446909202246,0.09149302397953801,0.01578740086933295,0.07100147850592312,0.21275081772285975,0.42251244629717216,0.0
TRX1,YAK1,0.06444215790261548,0.1889326902144863,,,,,0.06444215790261548,0.22486573013810443,0.0
TRX1,TYE7,0.011131549275816534,0.0714678343433005,0.33493577589234363,0.5040087873651561,0.0011733667958925519,0.017807265610520574,0.3926669136264415,0.5674964531920368,0.0
TRX1,CAT1,0.24166930704152872,0.4300046980463063,,,,,0.24166930704152872,0.43967285606447704,0.0
YAK1,CAT1,,,0.04625154883983132,0.17153133467370513,,,0.04625154883983132,0.1948367508032592,0.0
PDE2,CAT1,,,0.07831055991095917,0.239508270896505,,,0.07831055991095917,0.2536581179724547,0.0
PTC1,MSN4,,,0.012929099413809061,0.08341925786169956,,,0.012929099413809061,0.09416592624491915,0.0
PTC1,YAK1,,,0.2215071564537552,0.3951889041277224,,,0.2215071564537552,0.42574615551520745,0.0
TPK1,PDE2,,,0.0030385674587184385,0.04472391478301202,,,0.0030385674587184385,0.04643554372810742,0.0
TPK1,YAK1,,,0.6506752818053352,0.7778377099754133,,,0.6506752818053352,0.7725148764063342,0.0
C1_12120W_A,YAK1,,,0.21645906718170058,0.3930145477680293,,,0.21645906718170058,0.42403446802789657,0.0
SSK1,CAT1,,,0.002471418089325334,0.04182326593961869,,,0.002471418089325334,0.04320403421209311,0.0
FGR15,TPS2,,,0.11475673447352178,0.2844759049317303,,,0.11475673447352178,0.3082721291302047,0.0
HOG1,TPS2,,,0.0822355873193622,0.2405774014125441,,,0.0822355873193622,0.259170606961079,0.0
SSN3,PDE2,,,0.009201335503064153,0.07345472918547824,,,0.009201335503064153,0.086705607188138,0.0
EFH1,PDE2,,,2.321443146453947e-05,0.0027334993049495226,,,2.321443146453947e-05,0.0035108446355790763,1.0
RCK2,HSP30,,,0.40700861696420537,0.5647707066153228,,,0.40700861696420537,0.576192721403008,0.0
RCK2,CAT1,,,0.3137932671642209,0.4829955190664969,,,0.3137932671642209,0.5012434816227607,0.0
GCN4,PDE2,,,0.005234317446226349,0.057334035283083964,,,0.005234317446226349,0.0649927749573105,0.0
C2_10540W_A,TPK2,,,0.23607484095304482,0.40929877393448433,,,0.23607484095304482,0.43560558887930256,0.0
C3_00570C_A,GCN4,,,0.15828453593013833,0.3284500196196203,,,0.15828453593013833,0.369831715251356,0.0
C3_00570C_A,HOG1,,,0.022496882674541335,0.1119006917261007,,,0.022496882674541335,0.13543577852552158,0.0
C3_00570C_A,C1_12120W_A,,,0.11563359672408907,0.2846580672936103,,,0.11563359672408907,0.3082721291302047,0.0
C3_00570C_A,PDE2,,,0.007720032849217227,0.06493099057109489,,,0.007720032849217227,0.07801527238519035,0.0
RHB1,C2_10540W_A,,,0.35759264169914556,0.516644583559195,,,0.35759264169914556,0.541129274577166,0.0
RHB1,GCN4,,,0.09283481964671766,0.255702924290082,,,0.09283481964671766,0.27255937196770313,0.0
RHB1,HOG1,,,0.002753238664739039,0.04270069248460239,,,0.002753238664739039,0.04389479353931119,0.0
RHB1,MSN4,,,0.9910404910415089,0.9931490878309589,,,0.9910404910415089,0.9943773277116824,0.0
RHB1,PDE2,,,0.00020097869315529004,0.006310730965076107,,,0.00020097869315529004,0.014016911427204806,0.0
RHB1,YAK1,,,0.9811333354775169,0.9874226517305779,,,0.9811333354775169,0.9910497887435008,0.0
PBS2,TPK1,,,0.08897221539847201,0.2532560325144711,,,0.08897221539847201,0.26809031085198687,0.0
PBS2,MSN4,,,0.3430520237505369,0.5065125491739902,,,0.3430520237505369,0.5285851112839609,0.0
PBS2,PDE2,,,0.02317632821686702,0.1119006917261007,,,0.02317632821686702,0.13813091617252743,0.0
SKN7,C3_00570C_A,,,0.042150007513196995,0.1614036873066324,,,0.042150007513196995,0.18888274043507824,0.0
SKN7,C1_12120W_A,,,0.4967801659203411,0.6499540504124462,,,0.4967801659203411,0.6450565988856717,0.0
PDE1,PBS2,,,0.08096922960900384,0.2405774014125441,,,0.08096922960900384,0.259170606961079,0.0
PDE1,PDE2,,,0.125372616173117,0.29378359312208013,,,0.125372616173117,0.31854471378609034,0.0
MIG1,GCN4,,,0.08925796475032315,0.2532560325144711,,,0.08925796475032315,0.26809031085198687,0.0
MIG1,TPS2,,,0.10317243793991049,0.26847634403147974,,,0.10317243793991049,0.29005081609522004,0.0
CIP1,TPK1,,,0.20256761705078233,0.3816373905236739,,,0.20256761705078233,0.42251244629717216,0.0
C7_00810W_A,PDE1,,,0.008861523620041206,0.07322416886034049,,,0.008861523620041206,0.08518496899265417,0.0
C7_00810W_A,C3_00570C_A,,,0.21064204524505922,0.392143886602462,,,0.21064204524505922,0.42251244629717216,0.0
C7_00810W_A,TPK2,,,0.23200288228433638,0.4062206600591912,,,0.23200288228433638,0.43345993053750626,0.0
C7_00810W_A,SSN3,,,0.24206719590472736,0.4161082090187102,,,0.24206719590472736,0.43967285606447704,0.0
C7_00810W_A,PTC1,,,0.2880255632370725,0.45986454333783444,,,0.2880255632370725,0.4835584103923809,0.0
NIK1,MIG1,,,0.010978283527120944,0.07614081149792093,,,0.010978283527120944,0.086705607188138,0.0
NIK1,PDE1,,,0.03284315634207842,0.14025588929211505,,,0.03284315634207842,0.1673035998280234,0.0
NIK1,GCN4,,,0.3404882280447479,0.5058989129623856,,,0.3404882280447479,0.5282480714466438,0.0
NIK1,C1_12120W_A,,,0.7594480973881178,0.8619278406501288,,,0.7594480973881178,0.8508102745175153,0.0
NIK1,PTC1,,,0.6883335741770242,0.8079137482832469,,,0.6883335741770242,0.7965957479796242,0.0
NIK1,HSP30,,,0.7084117272017615,0.8258958502773011,,,0.7084117272017615,0.8093112122674333,0.0
C7_03620C_A,CIP1,,,0.9864279800260907,0.9906344959323853,,,0.9864279800260907,0.9914183408019394,0.0
C7_03620C_A,RHB1,,,0.1029662792252287,0.26847634403147974,,,0.1029662792252287,0.29005081609522004,0.0
C7_03620C_A,C2_10540W_A,,,0.2663305737656029,0.44179127361407666,,,0.2663305737656029,0.46285512374431953,0.0
NGS1,PDE1,,,0.03444893867851024,0.14232850980331863,,,0.03444893867851024,0.16968237563960414,0.0
NGS1,SSN3,,,0.10227002692735519,0.26847634403147974,,,0.10227002692735519,0.29005081609522004,0.0
NGS1,PDE2,,,0.018297899785217363,0.10287283897732023,,,0.018297899785217363,0.11601647097861222,0.0
NGS1,CAT1,,,0.2517421719498054,0.42498409673246723,,,0.2517421719498054,0.4462102788940539,0.0
CR_02460W_A,C3_00570C_A,,,0.09911412644675724,0.26374437037526927,,,0.09911412644675724,0.286757375544987,0.0
CR_02460W_A,C2_10540W_A,,,0.004449891017524589,0.05488497058632584,,,0.004449891017524589,0.057655109705318584,0.0
CR_02460W_A,TPK2,,,0.06685017289259797,0.21968367279453332,,,0.06685017289259797,0.23030464187276525,0.0
CR_02460W_A,EFH1,,,0.03271694529707523,0.14025588929211505,,,0.03271694529707523,0.1673035998280234,0.0
CR_02460W_A,MSN4,,,0.09690492198847979,0.26231159917571256,,,0.09690492198847979,0.28311437992712724,0.0
CR_02460W_A,YAK1,,,0.9545250460636915,0.9689252083965489,,,0.9545250460636915,0.9758094810531048,0.0
SRR1,C3_00570C_A,,,0.2272267730999495,0.40036041053858157,,,0.2272267730999495,0.4283038816298402,0.0
SRR1,C2_10540W_A,,,0.06808790669032144,0.21989321618514734,,,0.06808790669032144,0.23188795649960903,0.0
SRR1,GCN4,,,0.8015112306419035,0.8758974237409201,,,0.8015112306419035,0.8797703440756717,0.0
SRR1,TPK2,,,0.16478497357984132,0.33771406083089617,,,0.16478497357984132,0.3781406763005217,0.0
SRR1,MSN4,,,0.16152390263147143,0.333674377804487,,,0.16152390263147143,0.37313273631146116,0.0
SRR1,YAK1,,,0.04464529850481971,0.16822348476616067,,,0.04464529850481971,0.19183060827818169,0.0
GCN5,YAK1,,,0.10467067478165741,0.2693982941101674,,,0.10467067478165741,0.2915127204199431,0.0
GCN5,TYE7,,,0.1815933972903285,0.35832110138693724,,,0.1815933972903285,0.3979031793567492,0.0
MNL1,C3_00570C_A,,,0.14625944324706383,0.3204102221831026,,,0.14625944324706383,0.34868251270100015,0.0
MNL1,GCN4,,,0.2044573059941988,0.38214550128455793,,,0.2044573059941988,0.42251244629717216,0.0
MNL1,TPK2,,,0.8768475731181764,0.9280168157378395,,,0.8768475731181764,0.9248639163955967,0.0
EFG1,C3_00570C_A,,,0.010992728623903658,0.07614081149792093,,,0.010992728623903658,0.086705607188138,0.0
EFG1,C2_10540W_A,,,0.03369916903947234,0.1417170412284953,,,0.03369916903947234,0.16877903149181106,0.0
EFG1,GCN4,,,0.22780592361855595,0.40036041053858157,,,0.22780592361855595,0.4283038816298402,0.0
EFG1,HOG1,,,0.15587971644300283,0.3284500196196203,,,0.15587971644300283,0.3686679007937686,0.0
EFG1,FGR15,,,0.010709819639482884,0.07614081149792093,,,0.010709819639482884,0.086705607188138,0.0
EFG1,TPS2,,,1.9643181206092904e-05,0.0027334993049495226,,,1.9643181206092904e-05,0.0035108446355790763,1.0
EFG1,TYE7,,,0.05076457990311753,0.18534974522766168,,,0.05076457990311753,0.20723075083738388,0.0
TRX1,GCN4,,,0.3010278712311273,0.47104361245800985,,,0.3010278712311273,0.4933475507355529,0.0
TRX1,HOG1,,,0.007425931392994255,0.06392100354963184,,,0.007425931392994255,0.07801527238519035,0.0
PDE2,TYE7,,,,,,,,,
FGR15,PDE2,,,,,,,,,
TPK2,PDE2,,,,,,,,,
C3_00570C_A,C2_10540W_A,,,,,,,,,
PBS2,GCN4,,,,,,,,,
PBS2,SSN3,,,,,,,,,
SKN7,PDE2,,,,,,,,,
PDE1,SKN7,,,,,,,,,
MIG1,PDE2,,,,,,,,,
MIG1,TYE7,,,,,,,,,
NIK1,PDE2,,,,,,,,,
C7_03620C_A,PDE2,,,,,,,,,
NGS1,GCN4,,,,,,,,,
CR_02460W_A,PBS2,,,,,,,,,
CR_02460W_A,GCN4,,,,,,,,,
CR_02460W_A,TYE7,,,,,,,,,
SRR1,PTC1,,,,,,,,,
GCN5,C3_00570C_A,,,,,,,,,
GCN5,C2_10540W_A,,,,,,,,,
GCN5,GCN4,,,,,,,,,
GCN5,TPK2,,,,,,,,,
GCN5,EFH1,,,,,,,,,
MNL1,PBS2,,,,,,,,,
MNL1,C2_10540W_A,,,,,,,,,
MNL1,CAT1,,,,,,,,,
EFG1,PDE1,,,,,,,,,
EFG1,PBS2,,,,,,,,,
EFG1,RCK2,,,,,,,,,
EFG1,PDE2,,,,,,,,,
EFG1,YAK1,,,,,,,,,
EFG1,CAT1,,,,,,,,,
TRX1,C3_00570C_A,,,,,,,,,
TRX1,C2_10540W_A,,,,,,,,,
TRX1,HSP30,,,,,,,,,
